Workbook
Name FRAIS_D_ENVOI: Feuil3!$A$2:$C$27

Sheet Feuil3
A1: BORNE INFERIEURE | B1: BORNE SUPERIEURE | C1: VALEUR
A2: 1 | B2: 500 | C2: 25
A3: 501 | B3: 1500 | C3: 100
A4: 1501 | B4: 3000 | C4: 200
A5: 3001 | B5: 5000 | C5: 400
A6: 5001 | B6: 10000 | C6: 700
A7: 10001 | B7: 15000 | C7: 1100
A8: 15001 | B8: 20000 | C8: 1300
A9: 20001 | B9: 25000 | C9: 1500
A10: 25001 | B10: 30000 | C10: 1700
A11: 30001 | B11: 50000 | C11: 1800
A12: 50001 | B12: 60000 | C12: 2300
A13: 60001 | B13: 75000 | C13: 2700
... A28: 2000001 | B28: 3000000 | C28: 0.02

Sheet Feuil7

Sheet Feuil6

Sheet Feuil4

Sheet Feuil1
A1: TONTINE | F1: CREDIT

Sheet RAPPORTS
C2: Rapport Manuel de fin de journée
CD3: Antoine Michel DIOUF
A4: Code : | B4: WKSDF | J4: Date et heure | L4: 45390.462 | CD4: Ndiogou FAYE | DF4: =NOW() -> 45390.722
A5: Agence : | B5: SOKHNA DIENG | DF5: NON REMONTEE
A6: Opérateur : | DF6: DOUBLON | IE6: 30000
H7: 269780 | J7: PV de caisse | DF7: REMONTEE
A9: Activités | B9: Plafond | D9: Encaissement (+) | F9: Décaissement (-) | H9: Solde | J9: Coupures | K9: Nbre | L9: Montant
B10: Ouverture | C10: Clôture | D10: Montant | E10: Nbre | F10: Montant | G10: Nbre | J10: 5 | K10: 0 | L10: =J10*K10 -> 0
A11: Alimentation | D11: 750000 | J11: 10 | K11: 3 | L11: =J11*K11 -> 30
A12: Prêt/Versement | J12: 25 | K12: 6 | L12: =J12*K12 -> 150 | BV12: n
A13: WAVE | B13: 551100 | C13: 430230 | D13: =SUMIFS(TRANSACTIONS!$H:$H,TRANSACTIONS!$B:$B,DATE(YEAR(RAPPORTS!$L$4),MONTH(RAPPORTS!$L$4),DAY(RAPPORTS!$L$4)),TRANSACTIONS!$D:$D,RAPPORTS!$A13,TRANSACTIONS!$E:$E,RAPPORTS!D$9) -> 2216350 | E13: =COUNTIFS(TRANSACTIONS!$B:$B,DATE(YEAR(RAPPORTS!$L$4),MONTH(RAPPORTS!$L$4),DAY(RAPPORTS!$L$4)),TRANSACTIONS!$D:$D,RAPPORTS!$A13,TRANSACTIONS!$E:$E,RAPPORTS!D$9) -> 35 | F13: =SUMIFS(TRANSACTIONS!$H:$H,TRANSACTIONS!$B:$B,DATE(YEAR(RAPPORTS!$L$4),MONTH(RAPPORTS!$L$4),DAY(RAPPORTS!$L$4)),TRANSACTIONS!$D:$D,RAPPORTS!$A13,TRANSACTIONS!$E:$E,RAPPORTS!F$9) -> 727300 | G13: =COUNTIFS(TRANSACTIONS!$B:$B,DATE(YEAR(RAPPORTS!$L$4),MONTH(RAPPORTS!$L$4),DAY(RAPPORTS!$L$4)),TRANSACTIONS!$D:$D,RAPPORTS!$A13,TRANSACTIONS!$E:$E,RAPPORTS!F$9) -> 35 | H13: =D13-F13 -> 1489050 | J13: 50 | K13: 150 | L13: =+K13*J13 -> 7500
A14: WOYAFAL | C14: 38053.45 | E14: =COUNTIFS(TRANSACTIONS!$B:$B,DATE(YEAR(RAPPORTS!$L$4),MONTH(RAPPORTS!$L$4),DAY(RAPPORTS!$L$4)),TRANSACTIONS!$D:$D,RAPPORTS!$A14,TRANSACTIONS!$E:$E,RAPPORTS!D$9) -> 0 | F14: =SUMIFS(TRANSACTIONS!$H:$H,TRANSACTIONS!$B:$B,DATE(YEAR(RAPPORTS!$L$4),MONTH(RAPPORTS!$L$4),DAY(RAPPORTS!$L$4)),TRANSACTIONS!$D:$D,RAPPORTS!$A15,TRANSACTIONS!$E:$E,RAPPORTS!F$9) -> 0 | G14: =COUNTIFS(TRANSACTIONS!$B:$B,DATE(YEAR(RAPPORTS!$L$4),MONTH(RAPPORTS!$L$4),DAY(RAPPORTS!$L$4)),TRANSACTIONS!$D:$D,RAPPORTS!$A14,TRANSACTIONS!$E:$E,RAPPORTS!F$9) -> 0 | H14: 0
A15: SEDDO | D15: =SUMIFS(TRANSACTIONS!$H:$H,TRANSACTIONS!$B:$B,DATE(YEAR(RAPPORTS!$L$4),MONTH(RAPPORTS!$L$4),DAY(RAPPORTS!$L$4)),TRANSACTIONS!$D:$D,RAPPORTS!$A15,TRANSACTIONS!$E:$E,RAPPORTS!D$9) -> 4000 | E15: =COUNTIFS(TRANSACTIONS!$B:$B,DATE(YEAR(RAPPORTS!$L$4),MONTH(RAPPORTS!$L$4),DAY(RAPPORTS!$L$4)),TRANSACTIONS!$D:$D,RAPPORTS!$A15,TRANSACTIONS!$E:$E,RAPPORTS!D$9) -> 3 | F15: =SUMIFS(TRANSACTIONS!$H:$H,TRANSACTIONS!$B:$B,DATE(YEAR(RAPPORTS!$L$4),MONTH(RAPPORTS!$L$4),DAY(RAPPORTS!$L$4)),TRANSACTIONS!$D:$D,RAPPORTS!$A15,TRANSACTIONS!$E:$E,RAPPORTS!F$9) -> 0 | G15: =COUNTIFS(TRANSACTIONS!$B:$B,DATE(YEAR(RAPPORTS!$L$4),MONTH(RAPPORTS!$L$4),DAY(RAPPORTS!$L$4)),TRANSACTIONS!$D:$D,RAPPORTS!$A15,TRANSACTIONS!$E:$E,RAPPORTS!F$9) -> 0 | H15: =D15-F15 -> 4000 | J15: 100 | K15: 81 | L15: =J15*K15 -> 8100
A16: Orange Money | B16: 316052.45 | D16: =SUMIFS(TRANSACTIONS!$H:$H,TRANSACTIONS!$B:$B,DATE(YEAR(RAPPORTS!$L$4),MONTH(RAPPORTS!$L$4),DAY(RAPPORTS!$L$4)),TRANSACTIONS!$D:$D,RAPPORTS!$A16,TRANSACTIONS!$E:$E,RAPPORTS!D$9) -> 272000 | E16: =COUNTIFS(TRANSACTIONS!$B:$B,DATE(YEAR(RAPPORTS!$L$4),MONTH(RAPPORTS!$L$4),DAY(RAPPORTS!$L$4)),TRANSACTIONS!$D:$D,RAPPORTS!$A16,TRANSACTIONS!$E:$E,RAPPORTS!D$9) -> 5 | F16: =SUMIFS(TRANSACTIONS!$H:$H,TRANSACTIONS!$B:$B,DATE(YEAR(RAPPORTS!$L$4),MONTH(RAPPORTS!$L$4),DAY(RAPPORTS!$L$4)),TRANSACTIONS!$D:$D,RAPPORTS!$A16,TRANSACTIONS!$E:$E,RAPPORTS!F$9) -> 1045000 | G16: =COUNTIFS(TRANSACTIONS!$B:$B,DATE(YEAR(RAPPORTS!$L$4),MONTH(RAPPORTS!$L$4),DAY(RAPPORTS!$L$4)),TRANSACTIONS!$D:$D,RAPPORTS!$A16,TRANSACTIONS!$E:$E,RAPPORTS!F$9) -> 5 | H16: =D16-F16 -> -773000 | J16: 200 | K16: 2 | L16: =J16*K16 -> 400
A17: APPRO W | D17: =SUMIFS(TRANSACTIONS!$H:$H,TRANSACTIONS!$B:$B,DATE(YEAR(RAPPORTS!$L$4),MONTH(RAPPORTS!$L$4),DAY(RAPPORTS!$L$4)),TRANSACTIONS!$D:$D,RAPPORTS!$A17,TRANSACTIONS!$E:$E,RAPPORTS!D$9) -> 0 | E17: 0 | F17: =SUMIFS(TRANSACTIONS!$H:$H,TRANSACTIONS!$B:$B,DATE(YEAR(RAPPORTS!$L$4),MONTH(RAPPORTS!$L$4),DAY(RAPPORTS!$L$4)),TRANSACTIONS!$D:$D,RAPPORTS!$A17,TRANSACTIONS!$E:$E,RAPPORTS!F$9) -> 0 | G17: =COUNTIFS(TRANSACTIONS!$B:$B,DATE(YEAR(RAPPORTS!$L$4),MONTH(RAPPORTS!$L$4),DAY(RAPPORTS!$L$4)),TRANSACTIONS!$D:$D,RAPPORTS!$A17,TRANSACTIONS!$E:$E,RAPPORTS!F$9) -> 0 | H17: =D17-F17 -> 0 | J17: 250 | K17: 0 | L17: =J17*K17 -> 0
A18: Proximo | D18: =SUMIFS(TRANSACTIONS!$H:$H,TRANSACTIONS!$B:$B,DATE(YEAR(RAPPORTS!$L$4),MONTH(RAPPORTS!$L$4),DAY(RAPPORTS!$L$4)),TRANSACTIONS!$D:$D,RAPPORTS!$A18,TRANSACTIONS!$E:$E,RAPPORTS!D$9) -> 0 | E18: =COUNTIFS(TRANSACTIONS!$B:$B,DATE(YEAR(RAPPORTS!$L$4),MONTH(RAPPORTS!$L$4),DAY(RAPPORTS!$L$4)),TRANSACTIONS!$D:$D,RAPPORTS!$A18,TRANSACTIONS!$E:$E,RAPPORTS!D$9) -> 0 | F18: =SUMIFS(TRANSACTIONS!$H:$H,TRANSACTIONS!$B:$B,DATE(YEAR(RAPPORTS!$L$4),MONTH(RAPPORTS!$L$4),DAY(RAPPORTS!$L$4)),TRANSACTIONS!$D:$D,RAPPORTS!$A18,TRANSACTIONS!$E:$E,RAPPORTS!F$9) -> 0 | G18: =COUNTIFS(TRANSACTIONS!$B:$B,DATE(YEAR(RAPPORTS!$L$4),MONTH(RAPPORTS!$L$4),DAY(RAPPORTS!$L$4)),TRANSACTIONS!$D:$D,RAPPORTS!$A18,TRANSACTIONS!$E:$E,RAPPORTS!F$9) -> 0 | H18: =D18-F18 -> 0 | J18: 500 | K18: 13 | L18: =K18*J18 -> 6500
A19: APPRO CASH | D19: =SUMIFS(TRANSACTIONS!$H:$H,TRANSACTIONS!$B:$B,DATE(YEAR(RAPPORTS!$L$4),MONTH(RAPPORTS!$L$4),DAY(RAPPORTS!$L$4)),TRANSACTIONS!$D:$D,RAPPORTS!$A19,TRANSACTIONS!$E:$E,RAPPORTS!D$9) -> 0 | E19: =COUNTIFS(TRANSACTIONS!$B:$B,DATE(YEAR(RAPPORTS!$L$4),MONTH(RAPPORTS!$L$4),DAY(RAPPORTS!$L$4)),TRANSACTIONS!$D:$D,RAPPORTS!$A19,TRANSACTIONS!$E:$E,RAPPORTS!D$9) -> 0 | G19: =COUNTIFS(TRANSACTIONS!$B:$B,DATE(YEAR(RAPPORTS!$L$4),MONTH(RAPPORTS!$L$4),DAY(RAPPORTS!$L$4)),TRANSACTIONS!$D:$D,RAPPORTS!$A19,TRANSACTIONS!$E:$E,RAPPORTS!F$9) -> 0 | H19: =D19-F19 -> 0 | J19: 1000 | K19: 6 | L19: =J19*K19 -> 6000
A20: 3 | D20: =SUMIFS(TRANSACTIONS!$H:$H,TRANSACTIONS!$B:$B,DATE(YEAR(RAPPORTS!$L$4),MONTH(RAPPORTS!$L$4),DAY(RAPPORTS!$L$4)),TRANSACTIONS!$D:$D,RAPPORTS!$A20,TRANSACTIONS!$E:$E,RAPPORTS!D$9) -> 0 | E20: =COUNTIFS(TRANSACTIONS!$B:$B,DATE(YEAR(RAPPORTS!$L$4),MONTH(RAPPORTS!$L$4),DAY(RAPPORTS!$L$4)),TRANSACTIONS!$D:$D,RAPPORTS!$A20,TRANSACTIONS!$E:$E,RAPPORTS!D$9) -> 0 | F20: =SUMIFS(TRANSACTIONS!$H:$H,TRANSACTIONS!$B:$B,DATE(YEAR(RAPPORTS!$L$4),MONTH(RAPPORTS!$L$4),DAY(RAPPORTS!$L$4)),TRANSACTIONS!$D:$D,RAPPORTS!$A20,TRANSACTIONS!$E:$E,RAPPORTS!F$9) -> 0 | G20: =COUNTIFS(TRANSACTIONS!$B:$B,DATE(YEAR(RAPPORTS!$L$4),MONTH(RAPPORTS!$L$4),DAY(RAPPORTS!$L$4)),TRANSACTIONS!$D:$D,RAPPORTS!$A20,TRANSACTIONS!$E:$E,RAPPORTS!F$9) -> 0 | H20: =D20-F20 -> 0 | J20: 2000 | K20: 0 | L20: =J20*K20 -> 0
A21: APPRO OM | D21: =SUMIFS(TRANSACTIONS!$H:$H,TRANSACTIONS!$B:$B,DATE(YEAR(RAPPORTS!$L$4),MONTH(RAPPORTS!$L$4),DAY(RAPPORTS!$L$4)),TRANSACTIONS!$D:$D,RAPPORTS!$A21,TRANSACTIONS!$E:$E,RAPPORTS!D$9) -> 0 | E21: =COUNTIFS(TRANSACTIONS!$B:$B,DATE(YEAR(RAPPORTS!$L$4),MONTH(RAPPORTS!$L$4),DAY(RAPPORTS!$L$4)),TRANSACTIONS!$D:$D,RAPPORTS!$A21,TRANSACTIONS!$E:$E,RAPPORTS!D$9) -> 0 | G21: =COUNTIFS(TRANSACTIONS!$B:$B,DATE(YEAR(RAPPORTS!$L$4),MONTH(RAPPORTS!$L$4),DAY(RAPPORTS!$L$4)),TRANSACTIONS!$D:$D,RAPPORTS!$A21,TRANSACTIONS!$E:$E,RAPPORTS!F$9) -> 0 | H21: =D21-F21 -> 0 | J21: 5000 | K21: 42 | L21: =J21*K21 -> 210000
A22: FREE | B22: 3705 | D22: =SUMIFS(TRANSACTIONS!$H:$H,TRANSACTIONS!$B:$B,DATE(YEAR(RAPPORTS!$L$4),MONTH(RAPPORTS!$L$4),DAY(RAPPORTS!$L$4)),TRANSACTIONS!$D:$D,RAPPORTS!$A22,TRANSACTIONS!$E:$E,RAPPORTS!D$9) -> 0 | E22: =COUNTIFS(TRANSACTIONS!$B:$B,DATE(YEAR(RAPPORTS!$L$4),MONTH(RAPPORTS!$L$4),DAY(RAPPORTS!$L$4)),TRANSACTIONS!$D:$D,RAPPORTS!$A22,TRANSACTIONS!$E:$E,RAPPORTS!D$9) -> 0 | F22: =SUMIFS(TRANSACTIONS!$H:$H,TRANSACTIONS!$B:$B,DATE(YEAR(RAPPORTS!$L$4),MONTH(RAPPORTS!$L$4),DAY(RAPPORTS!$L$4)),TRANSACTIONS!$D:$D,RAPPORTS!$A22,TRANSACTIONS!$E:$E,RAPPORTS!F$9) -> 0 | G22: =COUNTIFS(TRANSACTIONS!$B:$B,DATE(YEAR(RAPPORTS!$L$4),MONTH(RAPPORTS!$L$4),DAY(RAPPORTS!$L$4)),TRANSACTIONS!$D:$D,RAPPORTS!$A22,TRANSACTIONS!$E:$E,RAPPORTS!F$9) -> 0 | H22: =D22-F22 -> 0 | J22: 10000 | K22: 100 | L22: =J22*K22 -> 1000000
A23: CREDIT | D23: =SUMIFS(TRANSACTIONS!$H:$H,TRANSACTIONS!$B:$B,DATE(YEAR(RAPPORTS!$L$4),MONTH(RAPPORTS!$L$4),DAY(RAPPORTS!$L$4)),TRANSACTIONS!$D:$D,RAPPORTS!$A23,TRANSACTIONS!$E:$E,RAPPORTS!D$9) -> 0 | E23: =COUNTIFS(TRANSACTIONS!$B:$B,DATE(YEAR(RAPPORTS!$L$4),MONTH(RAPPORTS!$L$4),DAY(RAPPORTS!$L$4)),TRANSACTIONS!$D:$D,RAPPORTS!$A23,TRANSACTIONS!$E:$E,RAPPORTS!D$9) -> 0 | F23: =SUMIFS(TRANSACTIONS!$H:$H,TRANSACTIONS!$B:$B,DATE(YEAR(RAPPORTS!$L$4),MONTH(RAPPORTS!$L$4),DAY(RAPPORTS!$L$4)),TRANSACTIONS!$D:$D,RAPPORTS!$A23,TRANSACTIONS!$E:$E,RAPPORTS!F$9) -> 0 | G23: =COUNTIFS(TRANSACTIONS!$B:$B,DATE(YEAR(RAPPORTS!$L$4),MONTH(RAPPORTS!$L$4),DAY(RAPPORTS!$L$4)),TRANSACTIONS!$D:$D,RAPPORTS!$A23,TRANSACTIONS!$E:$E,RAPPORTS!F$9) -> 0 | H23: =D23-F23 -> 0 | L23: =SUM(L10:L22) -> 1238680
A24: KPAY | D24: =SUMIFS(TRANSACTIONS!$H:$H,TRANSACTIONS!$B:$B,DATE(YEAR(RAPPORTS!$L$4),MONTH(RAPPORTS!$L$4),DAY(RAPPORTS!$L$4)),TRANSACTIONS!$D:$D,RAPPORTS!$A24,TRANSACTIONS!$E:$E,RAPPORTS!D$9) -> 0 | E24: =COUNTIFS(TRANSACTIONS!$B:$B,DATE(YEAR(RAPPORTS!$L$4),MONTH(RAPPORTS!$L$4),DAY(RAPPORTS!$L$4)),TRANSACTIONS!$D:$D,RAPPORTS!$A24,TRANSACTIONS!$E:$E,RAPPORTS!D$9) -> 0 | F24: =SUMIFS(TRANSACTIONS!$H:$H,TRANSACTIONS!$B:$B,DATE(YEAR(RAPPORTS!$L$4),MONTH(RAPPORTS!$L$4),DAY(RAPPORTS!$L$4)),TRANSACTIONS!$D:$D,RAPPORTS!$A24,TRANSACTIONS!$E:$E,RAPPORTS!F$9) -> 0 | G24: =COUNTIFS(TRANSACTIONS!$B:$B,DATE(YEAR(RAPPORTS!$L$4),MONTH(RAPPORTS!$L$4),DAY(RAPPORTS!$L$4)),TRANSACTIONS!$D:$D,RAPPORTS!$A24,TRANSACTIONS!$E:$E,RAPPORTS!F$9) -> 0 | H24: =D24-F24 -> 0
A25: DIVERS | D25: =SUMIFS(TRANSACTIONS!$H:$H,TRANSACTIONS!$B:$B,DATE(YEAR(RAPPORTS!$L$4),MONTH(RAPPORTS!$L$4),DAY(RAPPORTS!$L$4)),TRANSACTIONS!$D:$D,RAPPORTS!$A25,TRANSACTIONS!$E:$E,RAPPORTS!D$9) -> 0 | E25: =COUNTIFS(TRANSACTIONS!$B:$B,DATE(YEAR(RAPPORTS!$L$4),MONTH(RAPPORTS!$L$4),DAY(RAPPORTS!$L$4)),TRANSACTIONS!$D:$D,RAPPORTS!$A25,TRANSACTIONS!$E:$E,RAPPORTS!D$9) -> 0 | F25: =SUMIFS(TRANSACTIONS!$H:$H,TRANSACTIONS!$B:$B,DATE(YEAR(RAPPORTS!$L$4),MONTH(RAPPORTS!$L$4),DAY(RAPPORTS!$L$4)),TRANSACTIONS!$D:$D,RAPPORTS!$A25,TRANSACTIONS!$E:$E,RAPPORTS!F$9) -> 0 | G25: =COUNTIFS(TRANSACTIONS!$B:$B,DATE(YEAR(RAPPORTS!$L$4),MONTH(RAPPORTS!$L$4),DAY(RAPPORTS!$L$4)),TRANSACTIONS!$D:$D,RAPPORTS!$A25,TRANSACTIONS!$E:$E,RAPPORTS!F$9) -> 0 | H25: =D25-F25 -> 0 | P25: 772400956
A26: Sous total Encaissement/Décaissement | D26: =SUM(D11:D25) -> 3242350 | E26: =SUM(E13:E25) -> 43 | F26: =SUM(F12:F25) -> 1772300 | G26: =+G13+G16+G17+G18+G19+G20+G21+G22+G23+G24+G25+G14+G15 -> 40 | H26: =SUM(H11:H25) -> 720050
A27: Compense demandée à la clôture
A28: Cash In demandé dans la journée | H28: =H7+H26 -> 989830
A29: Signature Agent | F29: Solde Réel | H29: =L23 -> 1238680
A30: Commentaires APPRO | F30: Cumul écart | H30: =H29-H28 -> 248850
A31: sokhna7000+21000+40000+90000+25000 | F31: Cumul écart J-1
F32: Ecart J | H32: =H30 -> 248850
F1037: 20000
D1038: Orange Money | E1038: Décaissement (-) | F1038: 10500 | I1038: REMONTEE
D1039: Orange Money | E1039: Décaissement (-) | F1039: 15000 | I1039: REMONTEE
D1040: Orange Money | E1040: Décaissement (-) | F1040: 5000 | I1040: REMONTEE
F1041: 50000 | I1041: REMONTEE
F1042: 10000 | I1042: REMONTEE
F1043: 5400 | I1043: REMONTEE
F1044: 54200 | I1044: REMONTEE
F1045: 5000 | I1045: REMONTEE
F1046: 30000 | I1046: REMONTEE
F1047: 31500 | I1047: REMONTEE
F1048: 55000 | I1048: REMONTEE
F1049: 9500 | I1049: REMONTEE
F1050: 200000 | I1050: REMONTEE
F1051: 10000 | I1051: REMONTEE
F1052: 5000 | I1052: REMONTEE
... F1057: 20000 | I1057: REMONTEE
I1058: REMONTEE
I1059: REMONTEE
I1060: REMONTEE
I1061: REMONTEE
I1062: REMONTEE
I1063: REMONTEE
I1064: REMONTEE
I1065: REMONTEE
I1066: REMONTEE
I1067: REMONTEE
I1068: REMONTEE
I1069: REMONTEE
... I1078: REMONTEE
F3072: 5350
F3073: 10000
F3074: 20900
F3075: 50000
F3076: 10600
F3077: 1400
F3078: 10000
F3079: 100000
F3080: 103000
F3081: 6000
F3082: 1000
F3083: 20500
... F3094: 5000
D3095: Orange Money | E3095: Décaissement (-) | F3095: 10000
D3097: Orange Money | E3097: Décaissement (-) | F3097: 5000
D3098: Orange Money | E3098: Encaissement (+) | F3098: 25000
D3099: Orange Money | E3099: Encaissement (+) | F3099: 5400
D3100: Orange Money | E3100: Encaissement (+) | F3100: 24500
D3101: WARI | E3101: Décaissement (-) | F3101: 5000
D3102: Orange Money | E3102: Encaissement (+) | F3102: 5000
D3103: Orange Money | E3103: Décaissement (-) | F3103: 1500
D3104: Orange Money | E3104: Décaissement (-) | F3104: 20000
D3105: Orange Money | E3105: Décaissement (-) | F3105: 60000
D3106: Orange Money | E3106: Décaissement (-) | F3106: 10000
D3107: SEDDO | E3107: Encaissement (+) | F3107: 1000
... D4789: Orange Money | E4789: Encaissement (+) | F4789: 18500
D4790: Orange Money | F4790: 500000
D4791: Orange Money | E4791: Encaissement (+) | F4791: 15000
D4792: WARI | E4792: Encaissement (+) | F4792: 10600
D4793: Orange Money | E4793: Encaissement (+) | F4793: 16400

Sheet TRANSACTIONS
A1: 7
A2: DATE & HEURE | B2: DATE | C2: HEURE | D2: PLATEFORME | E2: OPERATION | F2: MONTANT | G2: FRAIS | H2: MONTANT TOTAL | I2: SITUATION
A3: 45389.49 | B3: =IF(A3<>"",DATE(YEAR(TRANSACTIONS!$A3),MONTH(TRANSACTIONS!$A3),DAY(TRANSACTIONS!$A3)),"") -> 45389 | C3: =IF(A3<>"",TIME(HOUR(TRANSACTIONS!$A3),MINUTE(TRANSACTIONS!$A3),SECOND(TRANSACTIONS!$A3)),"") -> 0.49033565 | D3: WAVE | E3: Encaissement (+) | F3: 1000 | H3: =IFERROR(TRANSACTIONS!$F3+TRANSACTIONS!$G3,"") -> 1000 | I3: rEMONTEE
A4: 45389.496 | B4: =IF(A4<>"",DATE(YEAR(TRANSACTIONS!$A4),MONTH(TRANSACTIONS!$A4),DAY(TRANSACTIONS!$A4)),"") -> 45389 | C4: =IF(A4<>"",TIME(HOUR(TRANSACTIONS!$A4),MINUTE(TRANSACTIONS!$A4),SECOND(TRANSACTIONS!$A4)),"") -> 0.49596065 | D4: WAVE | E4: Encaissement (+) | F4: 30000 | H4: =IFERROR(TRANSACTIONS!$F4+TRANSACTIONS!$G4,"") -> 30000 | I4: rEMONTEE
A5: 45389.497 | B5: =IF(A5<>"",DATE(YEAR(TRANSACTIONS!$A5),MONTH(TRANSACTIONS!$A5),DAY(TRANSACTIONS!$A5)),"") -> 45389 | C5: =IF(A5<>"",TIME(HOUR(TRANSACTIONS!$A5),MINUTE(TRANSACTIONS!$A5),SECOND(TRANSACTIONS!$A5)),"") -> 0.49711806 | D5: WAVE | E5: Décaissement (-) | F5: 8000 | H5: =IFERROR(TRANSACTIONS!$F5+TRANSACTIONS!$G5,"") -> 8000 | I5: REMONTEE
A6: 45389.497 | B6: =IF(A6<>"",DATE(YEAR(TRANSACTIONS!$A6),MONTH(TRANSACTIONS!$A6),DAY(TRANSACTIONS!$A6)),"") -> 45389 | C6: =IF(A6<>"",TIME(HOUR(TRANSACTIONS!$A6),MINUTE(TRANSACTIONS!$A6),SECOND(TRANSACTIONS!$A6)),"") -> 0.49721065 | D6: WAVE | E6: Décaissement (-) | F6: 10000 | H6: =IFERROR(TRANSACTIONS!$F6+TRANSACTIONS!$G6,"") -> 10000 | I6: REMONTEE
A7: 43907.403 | B7: =IF(A7<>"",DATE(YEAR(TRANSACTIONS!$A7),MONTH(TRANSACTIONS!$A7),DAY(TRANSACTIONS!$A7)),"") -> 43907 | C7: =IF(A7<>"",TIME(HOUR(TRANSACTIONS!$A7),MINUTE(TRANSACTIONS!$A7),SECOND(TRANSACTIONS!$A7)),"") -> 0.40333333 | D7: WARI | E7: Encaissement (+) | F7: 10600 | G7: =IF(AND(A7<>"",F7>1),IF(TRANSACTIONS!$E7=RAPPORTS!$F$9,0,IF(OR(TRANSACTIONS!$D7=RAPPORTS!$A$13,TRANSACTIONS!$D7=RAPPORTS!#REF!),VLOOKUP(TRANSACTIONS!$F7,FRAIS_D_ENVOI,3,TRUE),0)),"") -> #REF! | H7: =IFERROR(TRANSACTIONS!$F7+TRANSACTIONS!$G7,"")
A8: 43907.408 | B8: =IF(A8<>"",DATE(YEAR(TRANSACTIONS!$A8),MONTH(TRANSACTIONS!$A8),DAY(TRANSACTIONS!$A8)),"") -> 43907 | C8: =IF(A8<>"",TIME(HOUR(TRANSACTIONS!$A8),MINUTE(TRANSACTIONS!$A8),SECOND(TRANSACTIONS!$A8)),"") -> 0.40813657 | D8: WARI | E8: Encaissement (+) | F8: 5400 | G8: =IF(AND(A8<>"",F8>1),IF(TRANSACTIONS!$E8=RAPPORTS!$F$9,0,IF(OR(TRANSACTIONS!$D8=RAPPORTS!$A$13,TRANSACTIONS!$D8=RAPPORTS!#REF!),VLOOKUP(TRANSACTIONS!$F8,FRAIS_D_ENVOI,3,TRUE),0)),"") -> #REF! | H8: =IFERROR(TRANSACTIONS!$F8+TRANSACTIONS!$G8,"")
A9: 43907.424 | B9: =IF(A9<>"",DATE(YEAR(TRANSACTIONS!$A9),MONTH(TRANSACTIONS!$A9),DAY(TRANSACTIONS!$A9)),"") -> 43907 | C9: =IF(A9<>"",TIME(HOUR(TRANSACTIONS!$A9),MINUTE(TRANSACTIONS!$A9),SECOND(TRANSACTIONS!$A9)),"") -> 0.42447917 | D9: WARI | E9: Décaissement (-) | F9: 4700 | G9: =IF(AND(A9<>"",F9>1),IF(TRANSACTIONS!$E9=RAPPORTS!$F$9,0,IF(OR(TRANSACTIONS!$D9=RAPPORTS!$A$13,TRANSACTIONS!$D9=RAPPORTS!#REF!),VLOOKUP(TRANSACTIONS!$F9,FRAIS_D_ENVOI,3,TRUE),0)),"") -> 0 | H9: =IFERROR(TRANSACTIONS!$F9+TRANSACTIONS!$G9,"") -> 4700
A10: 43907.427 | B10: =IF(A10<>"",DATE(YEAR(TRANSACTIONS!$A10),MONTH(TRANSACTIONS!$A10),DAY(TRANSACTIONS!$A10)),"") -> 43907 | C10: =IF(A10<>"",TIME(HOUR(TRANSACTIONS!$A10),MINUTE(TRANSACTIONS!$A10),SECOND(TRANSACTIONS!$A10)),"") -> 0.42711806 | D10: Orange Money | E10: Encaissement (+) | F10: 3000 | G10: =IF(AND(A10<>"",F10>1),IF(TRANSACTIONS!$E10=RAPPORTS!$F$9,0,IF(OR(TRANSACTIONS!$D10=RAPPORTS!$A$13,TRANSACTIONS!$D10=RAPPORTS!#REF!),VLOOKUP(TRANSACTIONS!$F10,FRAIS_D_ENVOI,3,TRUE),0)),"") -> #REF! | H10: =IFERROR(TRANSACTIONS!$F10+TRANSACTIONS!$G10,"")
A11: 43907.441 | B11: =IF(A11<>"",DATE(YEAR(TRANSACTIONS!$A11),MONTH(TRANSACTIONS!$A11),DAY(TRANSACTIONS!$A11)),"") -> 43907 | C11: =IF(A11<>"",TIME(HOUR(TRANSACTIONS!$A11),MINUTE(TRANSACTIONS!$A11),SECOND(TRANSACTIONS!$A11)),"") -> 0.44050926 | D11: Orange Money | E11: Décaissement (-) | F11: 13000 | G11: =IF(AND(A11<>"",F11>1),IF(TRANSACTIONS!$E11=RAPPORTS!$F$9,0,IF(OR(TRANSACTIONS!$D11=RAPPORTS!$A$13,TRANSACTIONS!$D11=RAPPORTS!#REF!),VLOOKUP(TRANSACTIONS!$F11,FRAIS_D_ENVOI,3,TRUE),0)),"") -> 0 | H11: =IFERROR(TRANSACTIONS!$F11+TRANSACTIONS!$G11,"") -> 13000
A12: 45389.498 | B12: =IF(A12<>"",DATE(YEAR(TRANSACTIONS!$A12),MONTH(TRANSACTIONS!$A12),DAY(TRANSACTIONS!$A12)),"") -> 45389 | C12: =IF(A12<>"",TIME(HOUR(TRANSACTIONS!$A12),MINUTE(TRANSACTIONS!$A12),SECOND(TRANSACTIONS!$A12)),"") -> 0.49771991 | D12: Orange Money | E12: Décaissement (-) | F12: 4000 | H12: =IFERROR(TRANSACTIONS!$F12+TRANSACTIONS!$G12,"") -> 4000 | I12: REMONTEE
A13: 45389.498 | B13: =IF(A13<>"",DATE(YEAR(TRANSACTIONS!$A13),MONTH(TRANSACTIONS!$A13),DAY(TRANSACTIONS!$A13)),"") -> 45389 | C13: =IF(A13<>"",TIME(HOUR(TRANSACTIONS!$A13),MINUTE(TRANSACTIONS!$A13),SECOND(TRANSACTIONS!$A13)),"") -> 0.49771991 | D13: WAVE | E13: Décaissement (-) | F13: 58000 | H13: =IFERROR(TRANSACTIONS!$F13+TRANSACTIONS!$G13,"") -> 58000 | I13: REMONTEE
A14: 45389.501 | B14: =IF(A14<>"",DATE(YEAR(TRANSACTIONS!$A14),MONTH(TRANSACTIONS!$A14),DAY(TRANSACTIONS!$A14)),"") -> 45389 | C14: =IF(A14<>"",TIME(HOUR(TRANSACTIONS!$A14),MINUTE(TRANSACTIONS!$A14),SECOND(TRANSACTIONS!$A14)),"") -> 0.50112269 | D14: WAVE | E14: Encaissement (+) | F14: 7000 | H14: =IFERROR(TRANSACTIONS!$F14+TRANSACTIONS!$G14,"") -> 7000 | I14: REMONTEE
A15: 45389.511 | B15: =IF(A15<>"",DATE(YEAR(TRANSACTIONS!$A15),MONTH(TRANSACTIONS!$A15),DAY(TRANSACTIONS!$A15)),"") -> 45389 | C15: =IF(A15<>"",TIME(HOUR(TRANSACTIONS!$A15),MINUTE(TRANSACTIONS!$A15),SECOND(TRANSACTIONS!$A15)),"") -> 0.51127315 | D15: WAVE | E15: Encaissement (+) | F15: 5000 | H15: =IFERROR(TRANSACTIONS!$F15+TRANSACTIONS!$G15,"") -> 5000 | I15: REMONTEE
A16: 45389.511 | B16: =IF(A16<>"",DATE(YEAR(TRANSACTIONS!$A16),MONTH(TRANSACTIONS!$A16),DAY(TRANSACTIONS!$A16)),"") -> 45389 | C16: =IF(A16<>"",TIME(HOUR(TRANSACTIONS!$A16),MINUTE(TRANSACTIONS!$A16),SECOND(TRANSACTIONS!$A16)),"") -> 0.51145833 | D16: WAVE | E16: Encaissement (+) | F16: 35500 | H16: =IFERROR(TRANSACTIONS!$F16+TRANSACTIONS!$G16,"") -> 35500 | I16: REMONTEE
A17: 45389.512 | B17: =IF(A17<>"",DATE(YEAR(TRANSACTIONS!$A17),MONTH(TRANSACTIONS!$A17),DAY(TRANSACTIONS!$A17)),"") -> 45389 | C17: =IF(A17<>"",TIME(HOUR(TRANSACTIONS!$A17),MINUTE(TRANSACTIONS!$A17),SECOND(TRANSACTIONS!$A17)),"") -> 0.51184028 | D17: Orange Money | E17: Encaissement (+) | F17: 27000 | H17: =IFERROR(TRANSACTIONS!$F17+TRANSACTIONS!$G17,"") -> 27000 | I17: REMONTEE
A18: 45389.513 | B18: =IF(A18<>"",DATE(YEAR(TRANSACTIONS!$A18),MONTH(TRANSACTIONS!$A18),DAY(TRANSACTIONS!$A18)),"") -> 45389 | C18: =IF(A18<>"",TIME(HOUR(TRANSACTIONS!$A18),MINUTE(TRANSACTIONS!$A18),SECOND(TRANSACTIONS!$A18)),"") -> 0.51261574 | D18: WAVE | E18: Encaissement (+) | F18: 5000 | H18: =IFERROR(TRANSACTIONS!$F18+TRANSACTIONS!$G18,"") -> 5000 | I18: REMONTEE
A19: 45389.514 | B19: =IF(A19<>"",DATE(YEAR(TRANSACTIONS!$A19),MONTH(TRANSACTIONS!$A19),DAY(TRANSACTIONS!$A19)),"") -> 45389 | C19: =IF(A19<>"",TIME(HOUR(TRANSACTIONS!$A19),MINUTE(TRANSACTIONS!$A19),SECOND(TRANSACTIONS!$A19)),"") -> 0.51383102 | D19: WAVE | E19: Encaissement (+) | F19: 500 | H19: =IFERROR(TRANSACTIONS!$F19+TRANSACTIONS!$G19,"") -> 500 | I19: REMONTEE
A20: 45389.534 | B20: =IF(A20<>"",DATE(YEAR(TRANSACTIONS!$A20),MONTH(TRANSACTIONS!$A20),DAY(TRANSACTIONS!$A20)),"") -> 45389 | C20: =IF(A20<>"",TIME(HOUR(TRANSACTIONS!$A20),MINUTE(TRANSACTIONS!$A20),SECOND(TRANSACTIONS!$A20)),"") -> 0.53386574 | D20: WAVE | E20: Décaissement (-) | F20: 7000 | H20: =IFERROR(TRANSACTIONS!$F20+TRANSACTIONS!$G20,"") -> 7000 | I20: REMONTEE
A21: 45389.534 | B21: =IF(A21<>"",DATE(YEAR(TRANSACTIONS!$A21),MONTH(TRANSACTIONS!$A21),DAY(TRANSACTIONS!$A21)),"") -> 45389 | C21: =IF(A21<>"",TIME(HOUR(TRANSACTIONS!$A21),MINUTE(TRANSACTIONS!$A21),SECOND(TRANSACTIONS!$A21)),"") -> 0.53387731 | D21: WAVE | E21: Décaissement (-) | F21: 100000 | H21: =IFERROR(TRANSACTIONS!$F21+TRANSACTIONS!$G21,"") -> 100000 | I21: REMONTEE
A22: 43907.54 | B22: =IF(A22<>"",DATE(YEAR(TRANSACTIONS!$A22),MONTH(TRANSACTIONS!$A22),DAY(TRANSACTIONS!$A22)),"") -> 43907 | C22: =IF(A22<>"",TIME(HOUR(TRANSACTIONS!$A22),MINUTE(TRANSACTIONS!$A22),SECOND(TRANSACTIONS!$A22)),"") -> 0.54048611 | D22: Orange Money | E22: Décaissement (-) | F22: 5000 | G22: =IF(AND(A22<>"",F22>1),IF(TRANSACTIONS!$E22=RAPPORTS!$F$9,0,IF(OR(TRANSACTIONS!$D22=RAPPORTS!$A$13,TRANSACTIONS!$D22=RAPPORTS!#REF!),VLOOKUP(TRANSACTIONS!$F22,FRAIS_D_ENVOI,3,TRUE),0)),"") -> 0 | H22: =IFERROR(TRANSACTIONS!$F22+TRANSACTIONS!$G22,"") -> 5000 | K22: 108
A23: 43907.552 | B23: =IF(A23<>"",DATE(YEAR(TRANSACTIONS!$A23),MONTH(TRANSACTIONS!$A23),DAY(TRANSACTIONS!$A23)),"") -> 43907 | C23: =IF(A23<>"",TIME(HOUR(TRANSACTIONS!$A23),MINUTE(TRANSACTIONS!$A23),SECOND(TRANSACTIONS!$A23)),"") -> 0.55230324 | D23: Orange Money | E23: Décaissement (-) | F23: 9000 | G23: =IF(AND(A23<>"",F23>1),IF(TRANSACTIONS!$E23=RAPPORTS!$F$9,0,IF(OR(TRANSACTIONS!$D23=RAPPORTS!$A$13,TRANSACTIONS!$D23=RAPPORTS!#REF!),VLOOKUP(TRANSACTIONS!$F23,FRAIS_D_ENVOI,3,TRUE),0)),"") -> 0 | H23: =IFERROR(TRANSACTIONS!$F23+TRANSACTIONS!$G23,"") -> 9000
A24: 43907.553 | B24: =IF(A24<>"",DATE(YEAR(TRANSACTIONS!$A24),MONTH(TRANSACTIONS!$A24),DAY(TRANSACTIONS!$A24)),"") -> 43907 | C24: =IF(A24<>"",TIME(HOUR(TRANSACTIONS!$A24),MINUTE(TRANSACTIONS!$A24),SECOND(TRANSACTIONS!$A24)),"") -> 0.5531713 | D24: Orange Money | E24: Décaissement (-) | F24: 28600 | G24: =IF(AND(A24<>"",F24>1),IF(TRANSACTIONS!$E24=RAPPORTS!$F$9,0,IF(OR(TRANSACTIONS!$D24=RAPPORTS!$A$13,TRANSACTIONS!$D24=RAPPORTS!#REF!),VLOOKUP(TRANSACTIONS!$F24,FRAIS_D_ENVOI,3,TRUE),0)),"") -> 0 | H24: =IFERROR(TRANSACTIONS!$F24+TRANSACTIONS!$G24,"") -> 28600 | J24: =IF(G24<>"",$J$1*G24,"") -> 0
A25: 43907.558 | B25: =IF(A25<>"",DATE(YEAR(TRANSACTIONS!$A25),MONTH(TRANSACTIONS!$A25),DAY(TRANSACTIONS!$A25)),"") -> 43907 | C25: =IF(A25<>"",TIME(HOUR(TRANSACTIONS!$A25),MINUTE(TRANSACTIONS!$A25),SECOND(TRANSACTIONS!$A25)),"") -> 0.55804398 | D25: Orange Money | E25: Décaissement (-) | F25: 5000 | G25: =IF(AND(A25<>"",F25>1),IF(TRANSACTIONS!$E25=RAPPORTS!$F$9,0,IF(OR(TRANSACTIONS!$D25=RAPPORTS!$A$13,TRANSACTIONS!$D25=RAPPORTS!#REF!),VLOOKUP(TRANSACTIONS!$F25,FRAIS_D_ENVOI,3,TRUE),0)),"") -> 0 | H25: =IFERROR(TRANSACTIONS!$F25+TRANSACTIONS!$G25,"") -> 5000 | J25: =IF(G25<>"",$J$1*G25,"") -> 0
A26: 43907.558 | B26: =IF(A26<>"",DATE(YEAR(TRANSACTIONS!$A26),MONTH(TRANSACTIONS!$A26),DAY(TRANSACTIONS!$A26)),"") -> 43907 | C26: =IF(A26<>"",TIME(HOUR(TRANSACTIONS!$A26),MINUTE(TRANSACTIONS!$A26),SECOND(TRANSACTIONS!$A26)),"") -> 0.55818287 | D26: Orange Money | E26: Décaissement (-) | F26: 2800 | G26: =IF(AND(A26<>"",F26>1),IF(TRANSACTIONS!$E26=RAPPORTS!$F$9,0,IF(OR(TRANSACTIONS!$D26=RAPPORTS!$A$13,TRANSACTIONS!$D26=RAPPORTS!#REF!),VLOOKUP(TRANSACTIONS!$F26,FRAIS_D_ENVOI,3,TRUE),0)),"") -> 0 | H26: =IFERROR(TRANSACTIONS!$F26+TRANSACTIONS!$G26,"") -> 2800 | J26: =IF(G26<>"",$J$1*G26,"") -> 0
A27: 43907.575 | B27: =IF(A27<>"",DATE(YEAR(TRANSACTIONS!$A27),MONTH(TRANSACTIONS!$A27),DAY(TRANSACTIONS!$A27)),"") -> 43907 | C27: =IF(A27<>"",TIME(HOUR(TRANSACTIONS!$A27),MINUTE(TRANSACTIONS!$A27),SECOND(TRANSACTIONS!$A27)),"") -> 0.57528935 | D27: Orange Money | E27: Encaissement (+) | F27: 15700 | G27: =IF(AND(A27<>"",F27>1),IF(TRANSACTIONS!$E27=RAPPORTS!$F$9,0,IF(OR(TRANSACTIONS!$D27=RAPPORTS!$A$13,TRANSACTIONS!$D27=RAPPORTS!#REF!),VLOOKUP(TRANSACTIONS!$F27,FRAIS_D_ENVOI,3,TRUE),0)),"") -> #REF! | H27: =IFERROR(TRANSACTIONS!$F27+TRANSACTIONS!$G27,"") | J27: =IF(G27<>"",$J$1*G27,"") -> #REF!
A28: 43907.581 | B28: =IF(A28<>"",DATE(YEAR(TRANSACTIONS!$A28),MONTH(TRANSACTIONS!$A28),DAY(TRANSACTIONS!$A28)),"") -> 43907 | C28: =IF(A28<>"",TIME(HOUR(TRANSACTIONS!$A28),MINUTE(TRANSACTIONS!$A28),SECOND(TRANSACTIONS!$A28)),"") -> 0.58082176 | D28: Orange Money | E28: Encaissement (+) | F28: 10500 | G28: =IF(AND(A28<>"",F28>1),IF(TRANSACTIONS!$E28=RAPPORTS!$F$9,0,IF(OR(TRANSACTIONS!$D28=RAPPORTS!$A$13,TRANSACTIONS!$D28=RAPPORTS!#REF!),VLOOKUP(TRANSACTIONS!$F28,FRAIS_D_ENVOI,3,TRUE),0)),"") -> #REF! | H28: =IFERROR(TRANSACTIONS!$F28+TRANSACTIONS!$G28,"") | J28: =IF(G28<>"",$J$1*G28,"") -> #REF!
A29: 43907.632 | B29: =IF(A29<>"",DATE(YEAR(TRANSACTIONS!$A29),MONTH(TRANSACTIONS!$A29),DAY(TRANSACTIONS!$A29)),"") -> 43907 | C29: =IF(A29<>"",TIME(HOUR(TRANSACTIONS!$A29),MINUTE(TRANSACTIONS!$A29),SECOND(TRANSACTIONS!$A29)),"") -> 0.63219907 | D29: Orange Money | E29: Encaissement (+) | F29: 10000 | G29: =IF(AND(A29<>"",F29>1),IF(TRANSACTIONS!$E29=RAPPORTS!$F$9,0,IF(OR(TRANSACTIONS!$D29=RAPPORTS!$A$13,TRANSACTIONS!$D29=RAPPORTS!#REF!),VLOOKUP(TRANSACTIONS!$F29,FRAIS_D_ENVOI,3,TRUE),0)),"") -> #REF! | H29: =IFERROR(TRANSACTIONS!$F29+TRANSACTIONS!$G29,"") | J29: =IF(G29<>"",$J$1*G29,"") -> #REF!
A30: 45389.534 | B30: =IF(A30<>"",DATE(YEAR(TRANSACTIONS!$A30),MONTH(TRANSACTIONS!$A30),DAY(TRANSACTIONS!$A30)),"") -> 45389 | C30: =IF(A30<>"",TIME(HOUR(TRANSACTIONS!$A30),MINUTE(TRANSACTIONS!$A30),SECOND(TRANSACTIONS!$A30)),"") -> 0.53388889 | D30: WAVE | E30: Décaissement (-) | F30: 155000 | H30: =IFERROR(TRANSACTIONS!$F30+TRANSACTIONS!$G30,"") -> 155000 | I30: REMONTEE | J30: =IF(G30<>"",$J$1*G30,"")
A31: 45389.534 | B31: =IF(A31<>"",DATE(YEAR(TRANSACTIONS!$A31),MONTH(TRANSACTIONS!$A31),DAY(TRANSACTIONS!$A31)),"") -> 45389 | C31: =IF(A31<>"",TIME(HOUR(TRANSACTIONS!$A31),MINUTE(TRANSACTIONS!$A31),SECOND(TRANSACTIONS!$A31)),"") -> 0.53395833 | D31: WAVE | E31: Encaissement (+) | F31: 10000 | H31: =IFERROR(TRANSACTIONS!$F31+TRANSACTIONS!$G31,"") -> 10000 | I31: REMONTEE | J31: =IF(G31<>"",$J$1*G31,"")
A32: 43907.646 | B32: =IF(A32<>"",DATE(YEAR(TRANSACTIONS!$A32),MONTH(TRANSACTIONS!$A32),DAY(TRANSACTIONS!$A32)),"") -> 43907 | C32: =IF(A32<>"",TIME(HOUR(TRANSACTIONS!$A32),MINUTE(TRANSACTIONS!$A32),SECOND(TRANSACTIONS!$A32)),"") -> 0.64625 | D32: Orange Money | E32: Encaissement (+) | F32: 30000 | G32: =IF(AND(A32<>"",F32>1),IF(TRANSACTIONS!$E32=RAPPORTS!$F$9,0,IF(OR(TRANSACTIONS!$D32=RAPPORTS!$A$13,TRANSACTIONS!$D32=RAPPORTS!#REF!),VLOOKUP(TRANSACTIONS!$F32,FRAIS_D_ENVOI,3,TRUE),0)),"") -> #REF! | H32: =IFERROR(TRANSACTIONS!$F32+TRANSACTIONS!$G32,"") | J32: =IF(G32<>"",$J$1*G32,"") -> #REF!
A33: 43907.647 | B33: =IF(A33<>"",DATE(YEAR(TRANSACTIONS!$A33),MONTH(TRANSACTIONS!$A33),DAY(TRANSACTIONS!$A33)),"") -> 43907 | C33: =IF(A33<>"",TIME(HOUR(TRANSACTIONS!$A33),MINUTE(TRANSACTIONS!$A33),SECOND(TRANSACTIONS!$A33)),"") -> 0.64708333 | D33: Orange Money | E33: Encaissement (+) | F33: 2500 | G33: =IF(AND(A33<>"",F33>1),IF(TRANSACTIONS!$E33=RAPPORTS!$F$9,0,IF(OR(TRANSACTIONS!$D33=RAPPORTS!$A$13,TRANSACTIONS!$D33=RAPPORTS!#REF!),VLOOKUP(TRANSACTIONS!$F33,FRAIS_D_ENVOI,3,TRUE),0)),"") -> #REF! | H33: =IFERROR(TRANSACTIONS!$F33+TRANSACTIONS!$G33,"") | J33: =IF(G33<>"",$J$1*G33,"") -> #REF!
A34: 45389.534 | B34: =IF(A34<>"",DATE(YEAR(TRANSACTIONS!$A34),MONTH(TRANSACTIONS!$A34),DAY(TRANSACTIONS!$A34)),"") -> 45389 | C34: =IF(A34<>"",TIME(HOUR(TRANSACTIONS!$A34),MINUTE(TRANSACTIONS!$A34),SECOND(TRANSACTIONS!$A34)),"") -> 0.53396991 | D34: WAVE | E34: Encaissement (+) | F34: 30500 | H34: =IFERROR(TRANSACTIONS!$F34+TRANSACTIONS!$G34,"") -> 30500 | I34: REMONTEE | J34: =IF(G34<>"",$J$1*G34,"")
A35: 43907.655 | B35: =IF(A35<>"",DATE(YEAR(TRANSACTIONS!$A35),MONTH(TRANSACTIONS!$A35),DAY(TRANSACTIONS!$A35)),"") -> 43907 | C35: =IF(A35<>"",TIME(HOUR(TRANSACTIONS!$A35),MINUTE(TRANSACTIONS!$A35),SECOND(TRANSACTIONS!$A35)),"") -> 0.65508102 | D35: WARI | E35: Encaissement (+) | F35: 21000 | G35: =IF(AND(A35<>"",F35>1),IF(TRANSACTIONS!$E35=RAPPORTS!$F$9,0,IF(OR(TRANSACTIONS!$D35=RAPPORTS!$A$13,TRANSACTIONS!$D35=RAPPORTS!#REF!),VLOOKUP(TRANSACTIONS!$F35,FRAIS_D_ENVOI,3,TRUE),0)),"") -> #REF! | H35: =IFERROR(TRANSACTIONS!$F35+TRANSACTIONS!$G35,"") | J35: =IF(G35<>"",$J$1*G35,"") -> #REF!
A36: 45389.535 | B36: =IF(A36<>"",DATE(YEAR(TRANSACTIONS!$A36),MONTH(TRANSACTIONS!$A36),DAY(TRANSACTIONS!$A36)),"") -> 45389 | C36: =IF(A36<>"",TIME(HOUR(TRANSACTIONS!$A36),MINUTE(TRANSACTIONS!$A36),SECOND(TRANSACTIONS!$A36)),"") -> 0.53498843 | D36: WAVE | E36: Décaissement (-) | F36: 10000 | H36: =IFERROR(TRANSACTIONS!$F36+TRANSACTIONS!$G36,"") -> 10000 | I36: rEMONTEE | J36: =IF(G36<>"",$J$1*G36,"")
A37: 43907.664 | B37: =IF(A37<>"",DATE(YEAR(TRANSACTIONS!$A37),MONTH(TRANSACTIONS!$A37),DAY(TRANSACTIONS!$A37)),"") -> 43907 | C37: =IF(A37<>"",TIME(HOUR(TRANSACTIONS!$A37),MINUTE(TRANSACTIONS!$A37),SECOND(TRANSACTIONS!$A37)),"") -> 0.66363426 | D37: WARI | E37: Encaissement (+) | F37: 30000 | G37: =IF(AND(A37<>"",F37>1),IF(TRANSACTIONS!$E37=RAPPORTS!$F$9,0,IF(OR(TRANSACTIONS!$D37=RAPPORTS!$A$13,TRANSACTIONS!$D37=RAPPORTS!#REF!),VLOOKUP(TRANSACTIONS!$F37,FRAIS_D_ENVOI,3,TRUE),0)),"") -> #REF! | H37: =IFERROR(TRANSACTIONS!$F37+TRANSACTIONS!$G37,"") | J37: =IF(G37<>"",$J$1*G37,"") -> #REF!
A38: 43907.673 | B38: =IF(A38<>"",DATE(YEAR(TRANSACTIONS!$A38),MONTH(TRANSACTIONS!$A38),DAY(TRANSACTIONS!$A38)),"") -> 43907 | C38: =IF(A38<>"",TIME(HOUR(TRANSACTIONS!$A38),MINUTE(TRANSACTIONS!$A38),SECOND(TRANSACTIONS!$A38)),"") -> 0.6727662 | D38: Orange Money | E38: Décaissement (-) | F38: 10000 | G38: =IF(AND(A38<>"",F38>1),IF(TRANSACTIONS!$E38=RAPPORTS!$F$9,0,IF(OR(TRANSACTIONS!$D38=RAPPORTS!$A$13,TRANSACTIONS!$D38=RAPPORTS!#REF!),VLOOKUP(TRANSACTIONS!$F38,FRAIS_D_ENVOI,3,TRUE),0)),"") -> 0 | H38: =IFERROR(TRANSACTIONS!$F38+TRANSACTIONS!$G38,"") -> 10000 | J38: =IF(G38<>"",$J$1*G38,"") -> 0
A39: 43907.673 | B39: =IF(A39<>"",DATE(YEAR(TRANSACTIONS!$A39),MONTH(TRANSACTIONS!$A39),DAY(TRANSACTIONS!$A39)),"") -> 43907 | C39: =IF(A39<>"",TIME(HOUR(TRANSACTIONS!$A39),MINUTE(TRANSACTIONS!$A39),SECOND(TRANSACTIONS!$A39)),"") -> 0.67344907 | D39: Orange Money | E39: Décaissement (-) | F39: 7000 | G39: =IF(AND(A39<>"",F39>1),IF(TRANSACTIONS!$E39=RAPPORTS!$F$9,0,IF(OR(TRANSACTIONS!$D39=RAPPORTS!$A$13,TRANSACTIONS!$D39=RAPPORTS!#REF!),VLOOKUP(TRANSACTIONS!$F39,FRAIS_D_ENVOI,3,TRUE),0)),"") -> 0 | H39: =IFERROR(TRANSACTIONS!$F39+TRANSACTIONS!$G39,"") -> 7000 | J39: =IF(G39<>"",$J$1*G39,"") -> 0
A40: 43907.674 | B40: =IF(A40<>"",DATE(YEAR(TRANSACTIONS!$A40),MONTH(TRANSACTIONS!$A40),DAY(TRANSACTIONS!$A40)),"") -> 43907 | C40: =IF(A40<>"",TIME(HOUR(TRANSACTIONS!$A40),MINUTE(TRANSACTIONS!$A40),SECOND(TRANSACTIONS!$A40)),"") -> 0.67353009 | D40: Orange Money | E40: Encaissement (+) | F40: 3000 | G40: =IF(AND(A40<>"",F40>1),IF(TRANSACTIONS!$E40=RAPPORTS!$F$9,0,IF(OR(TRANSACTIONS!$D40=RAPPORTS!$A$13,TRANSACTIONS!$D40=RAPPORTS!#REF!),VLOOKUP(TRANSACTIONS!$F40,FRAIS_D_ENVOI,3,TRUE),0)),"") -> #REF! | H40: =IFERROR(TRANSACTIONS!$F40+TRANSACTIONS!$G40,"") | J40: =IF(G40<>"",$J$1*G40,"") -> #REF!
A41: 43907.674 | B41: =IF(A41<>"",DATE(YEAR(TRANSACTIONS!$A41),MONTH(TRANSACTIONS!$A41),DAY(TRANSACTIONS!$A41)),"") -> 43907 | C41: =IF(A41<>"",TIME(HOUR(TRANSACTIONS!$A41),MINUTE(TRANSACTIONS!$A41),SECOND(TRANSACTIONS!$A41)),"") -> 0.67431713 | D41: Orange Money | E41: Décaissement (-) | F41: 8000 | G41: =IF(AND(A41<>"",F41>1),IF(TRANSACTIONS!$E41=RAPPORTS!$F$9,0,IF(OR(TRANSACTIONS!$D41=RAPPORTS!$A$13,TRANSACTIONS!$D41=RAPPORTS!#REF!),VLOOKUP(TRANSACTIONS!$F41,FRAIS_D_ENVOI,3,TRUE),0)),"") -> 0 | H41: =IFERROR(TRANSACTIONS!$F41+TRANSACTIONS!$G41,"") -> 8000 | J41: =IF(G41<>"",$J$1*G41,"") -> 0
A42: 43907.682 | B42: =IF(A42<>"",DATE(YEAR(TRANSACTIONS!$A42),MONTH(TRANSACTIONS!$A42),DAY(TRANSACTIONS!$A42)),"") -> 43907 | C42: =IF(A42<>"",TIME(HOUR(TRANSACTIONS!$A42),MINUTE(TRANSACTIONS!$A42),SECOND(TRANSACTIONS!$A42)),"") -> 0.68178241 | D42: WARI | E42: Décaissement (-) | F42: 5000 | G42: =IF(AND(A42<>"",F42>1),IF(TRANSACTIONS!$E42=RAPPORTS!$F$9,0,IF(OR(TRANSACTIONS!$D42=RAPPORTS!$A$13,TRANSACTIONS!$D42=RAPPORTS!#REF!),VLOOKUP(TRANSACTIONS!$F42,FRAIS_D_ENVOI,3,TRUE),0)),"") -> 0 | H42: =IFERROR(TRANSACTIONS!$F42+TRANSACTIONS!$G42,"") -> 5000 | J42: =IF(G42<>"",$J$1*G42,"") -> 0
A43: 43907.685 | B43: =IF(A43<>"",DATE(YEAR(TRANSACTIONS!$A43),MONTH(TRANSACTIONS!$A43),DAY(TRANSACTIONS!$A43)),"") -> 43907 | C43: =IF(A43<>"",TIME(HOUR(TRANSACTIONS!$A43),MINUTE(TRANSACTIONS!$A43),SECOND(TRANSACTIONS!$A43)),"") -> 0.6847338 | D43: Orange Money | E43: Décaissement (-) | F43: 1500 | G43: =IF(AND(A43<>"",F43>1),IF(TRANSACTIONS!$E43=RAPPORTS!$F$9,0,IF(OR(TRANSACTIONS!$D43=RAPPORTS!$A$13,TRANSACTIONS!$D43=RAPPORTS!#REF!),VLOOKUP(TRANSACTIONS!$F43,FRAIS_D_ENVOI,3,TRUE),0)),"") -> 0 | H43: =IFERROR(TRANSACTIONS!$F43+TRANSACTIONS!$G43,"") -> 1500 | J43: =IF(G43<>"",$J$1*G43,"") -> 0
A44: 43907.69 | B44: =IF(A44<>"",DATE(YEAR(TRANSACTIONS!$A44),MONTH(TRANSACTIONS!$A44),DAY(TRANSACTIONS!$A44)),"") -> 43907 | C44: =IF(A44<>"",TIME(HOUR(TRANSACTIONS!$A44),MINUTE(TRANSACTIONS!$A44),SECOND(TRANSACTIONS!$A44)),"") -> 0.68997685 | D44: Orange Money | E44: Encaissement (+) | F44: 150000 | G44: =IF(AND(A44<>"",F44>1),IF(TRANSACTIONS!$E44=RAPPORTS!$F$9,0,IF(OR(TRANSACTIONS!$D44=RAPPORTS!$A$13,TRANSACTIONS!$D44=RAPPORTS!#REF!),VLOOKUP(TRANSACTIONS!$F44,FRAIS_D_ENVOI,3,TRUE),0)),"") -> #REF! | H44: =IFERROR(TRANSACTIONS!$F44+TRANSACTIONS!$G44,"") | J44: =IF(G44<>"",$J$1*G44,"") -> #REF!
A45: 43907.694 | B45: =IF(A45<>"",DATE(YEAR(TRANSACTIONS!$A45),MONTH(TRANSACTIONS!$A45),DAY(TRANSACTIONS!$A45)),"") -> 43907 | C45: =IF(A45<>"",TIME(HOUR(TRANSACTIONS!$A45),MINUTE(TRANSACTIONS!$A45),SECOND(TRANSACTIONS!$A45)),"") -> 0.69427083 | D45: Orange Money | E45: Décaissement (-) | F45: 10000 | G45: =IF(AND(A45<>"",F45>1),IF(TRANSACTIONS!$E45=RAPPORTS!$F$9,0,IF(OR(TRANSACTIONS!$D45=RAPPORTS!$A$13,TRANSACTIONS!$D45=RAPPORTS!#REF!),VLOOKUP(TRANSACTIONS!$F45,FRAIS_D_ENVOI,3,TRUE),0)),"") -> 0 | H45: =IFERROR(TRANSACTIONS!$F45+TRANSACTIONS!$G45,"") -> 10000 | J45: =IF(G45<>"",$J$1*G45,"") -> 0
A46: 43907.694 | B46: =IF(A46<>"",DATE(YEAR(TRANSACTIONS!$A46),MONTH(TRANSACTIONS!$A46),DAY(TRANSACTIONS!$A46)),"") -> 43907 | C46: =IF(A46<>"",TIME(HOUR(TRANSACTIONS!$A46),MINUTE(TRANSACTIONS!$A46),SECOND(TRANSACTIONS!$A46)),"") -> 0.69449074 | D46: Orange Money | E46: Encaissement (+) | F46: 10000 | G46: =IF(AND(A46<>"",F46>1),IF(TRANSACTIONS!$E46=RAPPORTS!$F$9,0,IF(OR(TRANSACTIONS!$D46=RAPPORTS!$A$13,TRANSACTIONS!$D46=RAPPORTS!#REF!),VLOOKUP(TRANSACTIONS!$F46,FRAIS_D_ENVOI,3,TRUE),0)),"") -> #REF! | H46: =IFERROR(TRANSACTIONS!$F46+TRANSACTIONS!$G46,"") | J46: =IF(G46<>"",$J$1*G46,"") -> #REF!
A47: 43907.716 | B47: =IF(A47<>"",DATE(YEAR(TRANSACTIONS!$A47),MONTH(TRANSACTIONS!$A47),DAY(TRANSACTIONS!$A47)),"") -> 43907 | C47: =IF(A47<>"",TIME(HOUR(TRANSACTIONS!$A47),MINUTE(TRANSACTIONS!$A47),SECOND(TRANSACTIONS!$A47)),"") -> 0.7162963 | D47: Orange Money | E47: Décaissement (-) | F47: 2000 | G47: =IF(AND(A47<>"",F47>1),IF(TRANSACTIONS!$E47=RAPPORTS!$F$9,0,IF(OR(TRANSACTIONS!$D47=RAPPORTS!$A$13,TRANSACTIONS!$D47=RAPPORTS!#REF!),VLOOKUP(TRANSACTIONS!$F47,FRAIS_D_ENVOI,3,TRUE),0)),"") -> 0 | H47: =IFERROR(TRANSACTIONS!$F47+TRANSACTIONS!$G47,"") -> 2000 | J47: =IF(G47<>"",$J$1*G47,"") -> 0
A48: 43907.727 | B48: =IF(A48<>"",DATE(YEAR(TRANSACTIONS!$A48),MONTH(TRANSACTIONS!$A48),DAY(TRANSACTIONS!$A48)),"") -> 43907 | C48: =IF(A48<>"",TIME(HOUR(TRANSACTIONS!$A48),MINUTE(TRANSACTIONS!$A48),SECOND(TRANSACTIONS!$A48)),"") -> 0.7265625 | D48: Orange Money | E48: Encaissement (+) | F48: 50000 | G48: =IF(AND(A48<>"",F48>1),IF(TRANSACTIONS!$E48=RAPPORTS!$F$9,0,IF(OR(TRANSACTIONS!$D48=RAPPORTS!$A$13,TRANSACTIONS!$D48=RAPPORTS!#REF!),VLOOKUP(TRANSACTIONS!$F48,FRAIS_D_ENVOI,3,TRUE),0)),"") -> #REF! | H48: =IFERROR(TRANSACTIONS!$F48+TRANSACTIONS!$G48,"") | J48: =IF(G48<>"",$J$1*G48,"") -> #REF!
... A53: 43907.747 | B53: =IF(A53<>"",DATE(YEAR(TRANSACTIONS!$A53),MONTH(TRANSACTIONS!$A53),DAY(TRANSACTIONS!$A53)),"") -> 43907 | C53: =IF(A53<>"",TIME(HOUR(TRANSACTIONS!$A53),MINUTE(TRANSACTIONS!$A53),SECOND(TRANSACTIONS!$A53)),"") -> 0.74655093 | D53: Orange Money | E53: Encaissement (+) | F53: 75000 | G53: =IF(AND(A53<>"",F53>1),IF(TRANSACTIONS!$E53=RAPPORTS!$F$9,0,IF(OR(TRANSACTIONS!$D53=RAPPORTS!$A$13,TRANSACTIONS!$D53=RAPPORTS!#REF!),VLOOKUP(TRANSACTIONS!$F53,FRAIS_D_ENVOI,3,TRUE),0)),"") -> #REF! | H53: =IFERROR(TRANSACTIONS!$F53+TRANSACTIONS!$G53,"") | J53: =IF(G53<>"",$J$1*G53,"") -> #REF!
B54: =IF(A54<>"",DATE(YEAR(TRANSACTIONS!$A54),MONTH(TRANSACTIONS!$A54),DAY(TRANSACTIONS!$A54)),"") | C54: =IF(A54<>"",TIME(HOUR(TRANSACTIONS!$A54),MINUTE(TRANSACTIONS!$A54),SECOND(TRANSACTIONS!$A54)),"") | E54: Encaissement (+) | F54: 35000 | G54: =IF(AND(A54<>"",F54>1),IF(TRANSACTIONS!$E54=RAPPORTS!$F$9,0,IF(OR(TRANSACTIONS!$D54=RAPPORTS!$A$13,TRANSACTIONS!$D54=RAPPORTS!#REF!),VLOOKUP(TRANSACTIONS!$F54,FRAIS_D_ENVOI,3,TRUE),0)),"") | H54: =IFERROR(TRANSACTIONS!$F54+TRANSACTIONS!$G54,"") | J54: =IF(G54<>"",$J$1*G54,"")
B55: =IF(A55<>"",DATE(YEAR(TRANSACTIONS!$A55),MONTH(TRANSACTIONS!$A55),DAY(TRANSACTIONS!$A55)),"") | C55: =IF(A55<>"",TIME(HOUR(TRANSACTIONS!$A55),MINUTE(TRANSACTIONS!$A55),SECOND(TRANSACTIONS!$A55)),"") | G55: =IF(AND(A55<>"",F55>1),IF(TRANSACTIONS!$E55=RAPPORTS!$F$9,0,IF(OR(TRANSACTIONS!$D55=RAPPORTS!$A$13,TRANSACTIONS!$D55=RAPPORTS!#REF!),VLOOKUP(TRANSACTIONS!$F55,FRAIS_D_ENVOI,3,TRUE),0)),"") | H55: =IFERROR(TRANSACTIONS!$F55+TRANSACTIONS!$G55,"") | J55: =IF(G55<>"",$J$1*G55,"")
B56: =IF(A56<>"",DATE(YEAR(TRANSACTIONS!$A56),MONTH(TRANSACTIONS!$A56),DAY(TRANSACTIONS!$A56)),"") | C56: =IF(A56<>"",TIME(HOUR(TRANSACTIONS!$A56),MINUTE(TRANSACTIONS!$A56),SECOND(TRANSACTIONS!$A56)),"") | G56: =IF(AND(A56<>"",F56>1),IF(TRANSACTIONS!$E56=RAPPORTS!$F$9,0,IF(OR(TRANSACTIONS!$D56=RAPPORTS!$A$13,TRANSACTIONS!$D56=RAPPORTS!#REF!),VLOOKUP(TRANSACTIONS!$F56,FRAIS_D_ENVOI,3,TRUE),0)),"") | H56: =IFERROR(TRANSACTIONS!$F56+TRANSACTIONS!$G56,"") | J56: =IF(G56<>"",$J$1*G56,"")
B57: =IF(A57<>"",DATE(YEAR(TRANSACTIONS!$A57),MONTH(TRANSACTIONS!$A57),DAY(TRANSACTIONS!$A57)),"") | C57: =IF(A57<>"",TIME(HOUR(TRANSACTIONS!$A57),MINUTE(TRANSACTIONS!$A57),SECOND(TRANSACTIONS!$A57)),"") | G57: =IF(AND(A57<>"",F57>1),IF(TRANSACTIONS!$E57=RAPPORTS!$F$9,0,IF(OR(TRANSACTIONS!$D57=RAPPORTS!$A$13,TRANSACTIONS!$D57=RAPPORTS!#REF!),VLOOKUP(TRANSACTIONS!$F57,FRAIS_D_ENVOI,3,TRUE),0)),"") | H57: =IFERROR(TRANSACTIONS!$F57+TRANSACTIONS!$G57,"") | J57: =IF(G57<>"",$J$1*G57,"")
B58: =IF(A58<>"",DATE(YEAR(TRANSACTIONS!$A58),MONTH(TRANSACTIONS!$A58),DAY(TRANSACTIONS!$A58)),"") | C58: =IF(A58<>"",TIME(HOUR(TRANSACTIONS!$A58),MINUTE(TRANSACTIONS!$A58),SECOND(TRANSACTIONS!$A58)),"") | G58: =IF(AND(A58<>"",F58>1),IF(TRANSACTIONS!$E58=RAPPORTS!$F$9,0,IF(OR(TRANSACTIONS!$D58=RAPPORTS!$A$13,TRANSACTIONS!$D58=RAPPORTS!#REF!),VLOOKUP(TRANSACTIONS!$F58,FRAIS_D_ENVOI,3,TRUE),0)),"") | H58: =IFERROR(TRANSACTIONS!$F58+TRANSACTIONS!$G58,"") | J58: =IF(G58<>"",$J$1*G58,"")
B59: =IF(A59<>"",DATE(YEAR(TRANSACTIONS!$A59),MONTH(TRANSACTIONS!$A59),DAY(TRANSACTIONS!$A59)),"") | C59: =IF(A59<>"",TIME(HOUR(TRANSACTIONS!$A59),MINUTE(TRANSACTIONS!$A59),SECOND(TRANSACTIONS!$A59)),"") | G59: =IF(AND(A59<>"",F59>1),IF(TRANSACTIONS!$E59=RAPPORTS!$F$9,0,IF(OR(TRANSACTIONS!$D59=RAPPORTS!$A$13,TRANSACTIONS!$D59=RAPPORTS!#REF!),VLOOKUP(TRANSACTIONS!$F59,FRAIS_D_ENVOI,3,TRUE),0)),"") | H59: =IFERROR(TRANSACTIONS!$F59+TRANSACTIONS!$G59,"") | J59: =IF(G59<>"",$J$1*G59,"")
B60: =IF(A60<>"",DATE(YEAR(TRANSACTIONS!$A60),MONTH(TRANSACTIONS!$A60),DAY(TRANSACTIONS!$A60)),"") | C60: =IF(A60<>"",TIME(HOUR(TRANSACTIONS!$A60),MINUTE(TRANSACTIONS!$A60),SECOND(TRANSACTIONS!$A60)),"") | G60: =IF(AND(A60<>"",F60>1),IF(TRANSACTIONS!$E60=RAPPORTS!$F$9,0,IF(OR(TRANSACTIONS!$D60=RAPPORTS!$A$13,TRANSACTIONS!$D60=RAPPORTS!#REF!),VLOOKUP(TRANSACTIONS!$F60,FRAIS_D_ENVOI,3,TRUE),0)),"") | H60: =IFERROR(TRANSACTIONS!$F60+TRANSACTIONS!$G60,"") | J60: =IF(G60<>"",$J$1*G60,"")
B61: =IF(A61<>"",DATE(YEAR(TRANSACTIONS!$A61),MONTH(TRANSACTIONS!$A61),DAY(TRANSACTIONS!$A61)),"") | C61: =IF(A61<>"",TIME(HOUR(TRANSACTIONS!$A61),MINUTE(TRANSACTIONS!$A61),SECOND(TRANSACTIONS!$A61)),"") | G61: =IF(AND(A61<>"",F61>1),IF(TRANSACTIONS!$E61=RAPPORTS!$F$9,0,IF(OR(TRANSACTIONS!$D61=RAPPORTS!$A$13,TRANSACTIONS!$D61=RAPPORTS!#REF!),VLOOKUP(TRANSACTIONS!$F61,FRAIS_D_ENVOI,3,TRUE),0)),"") | H61: =IFERROR(TRANSACTIONS!$F61+TRANSACTIONS!$G61,"") | J61: =IF(G61<>"",$J$1*G61,"")
B62: =IF(A62<>"",DATE(YEAR(TRANSACTIONS!$A62),MONTH(TRANSACTIONS!$A62),DAY(TRANSACTIONS!$A62)),"") | C62: =IF(A62<>"",TIME(HOUR(TRANSACTIONS!$A62),MINUTE(TRANSACTIONS!$A62),SECOND(TRANSACTIONS!$A62)),"") | G62: =IF(AND(A62<>"",F62>1),IF(TRANSACTIONS!$E62=RAPPORTS!$F$9,0,IF(OR(TRANSACTIONS!$D62=RAPPORTS!$A$13,TRANSACTIONS!$D62=RAPPORTS!#REF!),VLOOKUP(TRANSACTIONS!$F62,FRAIS_D_ENVOI,3,TRUE),0)),"") | H62: =IFERROR(TRANSACTIONS!$F62+TRANSACTIONS!$G62,"") | J62: =IF(G62<>"",$J$1*G62,"")
B63: =IF(A63<>"",DATE(YEAR(TRANSACTIONS!$A63),MONTH(TRANSACTIONS!$A63),DAY(TRANSACTIONS!$A63)),"") | C63: =IF(A63<>"",TIME(HOUR(TRANSACTIONS!$A63),MINUTE(TRANSACTIONS!$A63),SECOND(TRANSACTIONS!$A63)),"") | G63: =IF(AND(A63<>"",F63>1),IF(TRANSACTIONS!$E63=RAPPORTS!$F$9,0,IF(OR(TRANSACTIONS!$D63=RAPPORTS!$A$13,TRANSACTIONS!$D63=RAPPORTS!#REF!),VLOOKUP(TRANSACTIONS!$F63,FRAIS_D_ENVOI,3,TRUE),0)),"") | H63: =IFERROR(TRANSACTIONS!$F63+TRANSACTIONS!$G63,"") | J63: =IF(G63<>"",$J$1*G63,"")
B64: =IF(A64<>"",DATE(YEAR(TRANSACTIONS!$A64),MONTH(TRANSACTIONS!$A64),DAY(TRANSACTIONS!$A64)),"") | C64: =IF(A64<>"",TIME(HOUR(TRANSACTIONS!$A64),MINUTE(TRANSACTIONS!$A64),SECOND(TRANSACTIONS!$A64)),"") | G64: =IF(AND(A64<>"",F64>1),IF(TRANSACTIONS!$E64=RAPPORTS!$F$9,0,IF(OR(TRANSACTIONS!$D64=RAPPORTS!$A$13,TRANSACTIONS!$D64=RAPPORTS!#REF!),VLOOKUP(TRANSACTIONS!$F64,FRAIS_D_ENVOI,3,TRUE),0)),"") | H64: =IFERROR(TRANSACTIONS!$F64+TRANSACTIONS!$G64,"") | J64: =IF(G64<>"",$J$1*G64,"")
B65: =IF(A65<>"",DATE(YEAR(TRANSACTIONS!$A65),MONTH(TRANSACTIONS!$A65),DAY(TRANSACTIONS!$A65)),"") | C65: =IF(A65<>"",TIME(HOUR(TRANSACTIONS!$A65),MINUTE(TRANSACTIONS!$A65),SECOND(TRANSACTIONS!$A65)),"") | G65: =IF(AND(A65<>"",F65>1),IF(TRANSACTIONS!$E65=RAPPORTS!$F$9,0,IF(OR(TRANSACTIONS!$D65=RAPPORTS!$A$13,TRANSACTIONS!$D65=RAPPORTS!#REF!),VLOOKUP(TRANSACTIONS!$F65,FRAIS_D_ENVOI,3,TRUE),0)),"") | H65: =IFERROR(TRANSACTIONS!$F65+TRANSACTIONS!$G65,"") | J65: =IF(G65<>"",$J$1*G65,"")
B66: =IF(A66<>"",DATE(YEAR(TRANSACTIONS!$A66),MONTH(TRANSACTIONS!$A66),DAY(TRANSACTIONS!$A66)),"") | C66: =IF(A66<>"",TIME(HOUR(TRANSACTIONS!$A66),MINUTE(TRANSACTIONS!$A66),SECOND(TRANSACTIONS!$A66)),"") | G66: =IF(AND(A66<>"",F66>1),IF(TRANSACTIONS!$E66=RAPPORTS!$F$9,0,IF(OR(TRANSACTIONS!$D66=RAPPORTS!$A$13,TRANSACTIONS!$D66=RAPPORTS!#REF!),VLOOKUP(TRANSACTIONS!$F66,FRAIS_D_ENVOI,3,TRUE),0)),"") | H66: =IFERROR(TRANSACTIONS!$F66+TRANSACTIONS!$G66,"") | J66: =IF(G66<>"",$J$1*G66,"")
... B851: =IF(A851<>"",DATE(YEAR(TRANSACTIONS!$A851),MONTH(TRANSACTIONS!$A851),DAY(TRANSACTIONS!$A851)),"") | C851: =IF(A851<>"",TIME(HOUR(TRANSACTIONS!$A851),MINUTE(TRANSACTIONS!$A851),SECOND(TRANSACTIONS!$A851)),"") | G851: =IF(AND(A851<>"",F851>1),IF(TRANSACTIONS!$E851=RAPPORTS!$F$9,0,IF(OR(TRANSACTIONS!$D851=RAPPORTS!$A$13,TRANSACTIONS!$D851=RAPPORTS!#REF!),VLOOKUP(TRANSACTIONS!$F851,FRAIS_D_ENVOI,3,TRUE),0)),"") | H851: =IFERROR(TRANSACTIONS!$F851+TRANSACTIONS!$G851,"") | J851: =IF(G851<>"",$J$1*G851,"")
A852: 45389.541 | B852: =IF(A852<>"",DATE(YEAR(TRANSACTIONS!$A852),MONTH(TRANSACTIONS!$A852),DAY(TRANSACTIONS!$A852)),"") -> 45389 | C852: =IF(A852<>"",TIME(HOUR(TRANSACTIONS!$A852),MINUTE(TRANSACTIONS!$A852),SECOND(TRANSACTIONS!$A852)),"") -> 0.54085648 | D852: WAVE | E852: Encaissement (+) | F852: 40000 | H852: =IFERROR(TRANSACTIONS!$F852+TRANSACTIONS!$G852,"") -> 40000 | I852: REMONTEE
A853: 45389.541 | B853: =IF(A853<>"",DATE(YEAR(TRANSACTIONS!$A853),MONTH(TRANSACTIONS!$A853),DAY(TRANSACTIONS!$A853)),"") -> 45389 | C853: =IF(A853<>"",TIME(HOUR(TRANSACTIONS!$A853),MINUTE(TRANSACTIONS!$A853),SECOND(TRANSACTIONS!$A853)),"") -> 0.5412037 | D853: WAVE | E853: Décaissement (-) | F853: 1500 | H853: =IFERROR(TRANSACTIONS!$F853+TRANSACTIONS!$G853,"") -> 1500 | I853: REMONTEE
A854: 45389.542 | B854: =IF(A854<>"",DATE(YEAR(TRANSACTIONS!$A854),MONTH(TRANSACTIONS!$A854),DAY(TRANSACTIONS!$A854)),"") -> 45389 | C854: =IF(A854<>"",TIME(HOUR(TRANSACTIONS!$A854),MINUTE(TRANSACTIONS!$A854),SECOND(TRANSACTIONS!$A854)),"") -> 0.5418287 | D854: WAVE | E854: Décaissement (-) | F854: 5000 | H854: =IFERROR(TRANSACTIONS!$F854+TRANSACTIONS!$G854,"") -> 5000 | I854: REMONTEE
A855: 45389.547 | B855: =IF(A855<>"",DATE(YEAR(TRANSACTIONS!$A855),MONTH(TRANSACTIONS!$A855),DAY(TRANSACTIONS!$A855)),"") -> 45389 | C855: =IF(A855<>"",TIME(HOUR(TRANSACTIONS!$A855),MINUTE(TRANSACTIONS!$A855),SECOND(TRANSACTIONS!$A855)),"") -> 0.54665509 | D855: Orange Money | E855: Décaissement (-) | F855: 18000 | H855: =IFERROR(TRANSACTIONS!$F855+TRANSACTIONS!$G855,"") -> 18000 | I855: REMONTEE
A856: 45389.547 | B856: =IF(A856<>"",DATE(YEAR(TRANSACTIONS!$A856),MONTH(TRANSACTIONS!$A856),DAY(TRANSACTIONS!$A856)),"") -> 45389 | C856: =IF(A856<>"",TIME(HOUR(TRANSACTIONS!$A856),MINUTE(TRANSACTIONS!$A856),SECOND(TRANSACTIONS!$A856)),"") -> 0.54689815 | D856: WAVE | E856: Décaissement (-) | F856: 10000 | H856: =IFERROR(TRANSACTIONS!$F856+TRANSACTIONS!$G856,"") -> 10000 | I856: REMONTEE
A857: 45389.552 | B857: =IF(A857<>"",DATE(YEAR(TRANSACTIONS!$A857),MONTH(TRANSACTIONS!$A857),DAY(TRANSACTIONS!$A857)),"") -> 45389 | C857: =IF(A857<>"",TIME(HOUR(TRANSACTIONS!$A857),MINUTE(TRANSACTIONS!$A857),SECOND(TRANSACTIONS!$A857)),"") -> 0.55228009 | D857: WAVE | E857: Encaissement (+) | F857: 15000 | H857: =IFERROR(TRANSACTIONS!$F857+TRANSACTIONS!$G857,"") -> 15000 | I857: REMONTEE
A858: 45389.552 | B858: =IF(A858<>"",DATE(YEAR(TRANSACTIONS!$A858),MONTH(TRANSACTIONS!$A858),DAY(TRANSACTIONS!$A858)),"") -> 45389 | C858: =IF(A858<>"",TIME(HOUR(TRANSACTIONS!$A858),MINUTE(TRANSACTIONS!$A858),SECOND(TRANSACTIONS!$A858)),"") -> 0.55231481 | D858: WAVE | E858: Décaissement (-) | F858: 60000 | H858: =IFERROR(TRANSACTIONS!$F858+TRANSACTIONS!$G858,"") -> 60000 | I858: REMONTEE
A859: 45389.554 | B859: =IF(A859<>"",DATE(YEAR(TRANSACTIONS!$A859),MONTH(TRANSACTIONS!$A859),DAY(TRANSACTIONS!$A859)),"") -> 45389 | C859: =IF(A859<>"",TIME(HOUR(TRANSACTIONS!$A859),MINUTE(TRANSACTIONS!$A859),SECOND(TRANSACTIONS!$A859)),"") -> 0.55386574 | D859: WAVE | E859: Encaissement (+) | F859: 15000 | H859: =IFERROR(TRANSACTIONS!$F859+TRANSACTIONS!$G859,"") -> 15000 | I859: REMONTEE
A860: 45389.557 | B860: =IF(A860<>"",DATE(YEAR(TRANSACTIONS!$A860),MONTH(TRANSACTIONS!$A860),DAY(TRANSACTIONS!$A860)),"") -> 45389 | C860: =IF(A860<>"",TIME(HOUR(TRANSACTIONS!$A860),MINUTE(TRANSACTIONS!$A860),SECOND(TRANSACTIONS!$A860)),"") -> 0.55719907 | D860: WAVE | E860: Encaissement (+) | F860: 24500 | H860: =IFERROR(TRANSACTIONS!$F860+TRANSACTIONS!$G860,"") -> 24500 | I860: REMONTEE
A861: 45389.577 | B861: =IF(A861<>"",DATE(YEAR(TRANSACTIONS!$A861),MONTH(TRANSACTIONS!$A861),DAY(TRANSACTIONS!$A861)),"") -> 45389 | C861: =IF(A861<>"",TIME(HOUR(TRANSACTIONS!$A861),MINUTE(TRANSACTIONS!$A861),SECOND(TRANSACTIONS!$A861)),"") -> 0.5769213 | D861: WAVE | E861: Décaissement (-) | F861: 35000 | H861: =IFERROR(TRANSACTIONS!$F861+TRANSACTIONS!$G861,"") -> 35000 | I861: REMONTEE
A862: 45389.577 | B862: =IF(A862<>"",DATE(YEAR(TRANSACTIONS!$A862),MONTH(TRANSACTIONS!$A862),DAY(TRANSACTIONS!$A862)),"") -> 45389 | C862: =IF(A862<>"",TIME(HOUR(TRANSACTIONS!$A862),MINUTE(TRANSACTIONS!$A862),SECOND(TRANSACTIONS!$A862)),"") -> 0.57693287 | D862: WAVE | E862: Décaissement (-) | F862: 3000 | H862: =IFERROR(TRANSACTIONS!$F862+TRANSACTIONS!$G862,"") -> 3000 | I862: REMONTEE
A863: 45389.577 | B863: =IF(A863<>"",DATE(YEAR(TRANSACTIONS!$A863),MONTH(TRANSACTIONS!$A863),DAY(TRANSACTIONS!$A863)),"") -> 45389 | C863: =IF(A863<>"",TIME(HOUR(TRANSACTIONS!$A863),MINUTE(TRANSACTIONS!$A863),SECOND(TRANSACTIONS!$A863)),"") -> 0.57694444 | D863: WAVE | E863: Décaissement (-) | F863: 1000 | H863: =IFERROR(TRANSACTIONS!$F863+TRANSACTIONS!$G863,"") -> 1000 | I863: REMONTEE
... A912: 45389.72 | B912: =IF(A912<>"",DATE(YEAR(TRANSACTIONS!$A912),MONTH(TRANSACTIONS!$A912),DAY(TRANSACTIONS!$A912)),"") -> 45389 | C912: =IF(A912<>"",TIME(HOUR(TRANSACTIONS!$A912),MINUTE(TRANSACTIONS!$A912),SECOND(TRANSACTIONS!$A912)),"") -> 0.72028935 | D912: SEDDO | E912: Encaissement (+) | F912: 1300 | H912: =IFERROR(TRANSACTIONS!$F912+TRANSACTIONS!$G912,"") -> 1300 | I912: REMONTEE
A913: 45389 | B913: =IF(A914<>"",DATE(YEAR(TRANSACTIONS!$A914),MONTH(TRANSACTIONS!$A914),DAY(TRANSACTIONS!$A914)),"") -> 45389 | C913: =IF(A914<>"",TIME(HOUR(TRANSACTIONS!$A914),MINUTE(TRANSACTIONS!$A914),SECOND(TRANSACTIONS!$A914)),"") -> 0.72579861 | D913: WAVE | E913: Décaissement (-) | F913: 2000 | H913: =IFERROR(TRANSACTIONS!$F913+TRANSACTIONS!$G913,"") -> 2000 | I913: REMONTEE
A914: 45389.726 | B914: =IF(A915<>"",DATE(YEAR(TRANSACTIONS!$A915),MONTH(TRANSACTIONS!$A915),DAY(TRANSACTIONS!$A915)),"") -> 45389 | C914: =IF(A915<>"",TIME(HOUR(TRANSACTIONS!$A915),MINUTE(TRANSACTIONS!$A915),SECOND(TRANSACTIONS!$A915)),"") -> 0.72666667 | D914: WAVE | E914: Décaissement (-) | F914: 10000 | H914: =IFERROR(TRANSACTIONS!$F914+TRANSACTIONS!$G914,"") -> 10000 | I914: REMONTEE
A915: 45389.727 | B915: =IF(#REF!<>"",DATE(YEAR(TRANSACTIONS!#REF!),MONTH(TRANSACTIONS!#REF!),DAY(TRANSACTIONS!#REF!)),"") -> #REF! | C915: =IF(#REF!<>"",TIME(HOUR(TRANSACTIONS!#REF!),MINUTE(TRANSACTIONS!#REF!),SECOND(TRANSACTIONS!#REF!)),"") -> #REF! | D915: WAVE | E915: Décaissement (-) | F915: 1000 | H915: =IFERROR(TRANSACTIONS!$F915+TRANSACTIONS!$G915,"") -> 1000 | I915: REMONTEE
A916: 45389.737 | B916: =IF(A916<>"",DATE(YEAR(TRANSACTIONS!$A916),MONTH(TRANSACTIONS!$A916),DAY(TRANSACTIONS!$A916)),"") -> 45389 | C916: =IF(A916<>"",TIME(HOUR(TRANSACTIONS!$A916),MINUTE(TRANSACTIONS!$A916),SECOND(TRANSACTIONS!$A916)),"") -> 0.73650463 | D916: WAVE | E916: Décaissement (-) | F916: 1000 | H916: =IFERROR(TRANSACTIONS!$F916+TRANSACTIONS!$G916,"") -> 1000 | I916: REMONTEE
A917: 45389.737 | B917: =IF(A917<>"",DATE(YEAR(TRANSACTIONS!$A917),MONTH(TRANSACTIONS!$A917),DAY(TRANSACTIONS!$A917)),"") -> 45389 | C917: =IF(A917<>"",TIME(HOUR(TRANSACTIONS!$A917),MINUTE(TRANSACTIONS!$A917),SECOND(TRANSACTIONS!$A917)),"") -> 0.7365162 | D917: WAVE | E917: Décaissement (-) | F917: 10000 | H917: =IFERROR(TRANSACTIONS!$F917+TRANSACTIONS!$G917,"") -> 10000 | I917: REMONTEE
B918: =IF(A918<>"",DATE(YEAR(TRANSACTIONS!$A918),MONTH(TRANSACTIONS!$A918),DAY(TRANSACTIONS!$A918)),"") | C918: =IF(A918<>"",TIME(HOUR(TRANSACTIONS!$A918),MINUTE(TRANSACTIONS!$A918),SECOND(TRANSACTIONS!$A918)),"") | H918: =IFERROR(TRANSACTIONS!$F918+TRANSACTIONS!$G918,"") -> 0 | I918: REMONTEE
A919: 45390.463 | B919: =IF(A919<>"",DATE(YEAR(TRANSACTIONS!$A919),MONTH(TRANSACTIONS!$A919),DAY(TRANSACTIONS!$A919)),"") -> 45390 | C919: =IF(A919<>"",TIME(HOUR(TRANSACTIONS!$A919),MINUTE(TRANSACTIONS!$A919),SECOND(TRANSACTIONS!$A919)),"") -> 0.46259259 | D919: Orange Money | E919: Encaissement (+) | F919: 170000 | H919: =IFERROR(TRANSACTIONS!$F919+TRANSACTIONS!$G919,"") -> 170000 | I919: REMONTEE
A920: 45390.468 | B920: =IF(A920<>"",DATE(YEAR(TRANSACTIONS!$A920),MONTH(TRANSACTIONS!$A920),DAY(TRANSACTIONS!$A920)),"") -> 45390 | C920: =IF(A920<>"",TIME(HOUR(TRANSACTIONS!$A920),MINUTE(TRANSACTIONS!$A920),SECOND(TRANSACTIONS!$A920)),"") -> 0.46762731 | D920: WAVE | E920: Encaissement (+) | F920: 10100 | H920: =IFERROR(TRANSACTIONS!$F920+TRANSACTIONS!$G920,"") -> 10100 | I920: REMONTEE
A921: 45390.469 | B921: =IF(A921<>"",DATE(YEAR(TRANSACTIONS!$A921),MONTH(TRANSACTIONS!$A921),DAY(TRANSACTIONS!$A921)),"") -> 45390 | C921: =IF(A921<>"",TIME(HOUR(TRANSACTIONS!$A921),MINUTE(TRANSACTIONS!$A921),SECOND(TRANSACTIONS!$A921)),"") -> 0.46868056 | D921: WAVE | E921: Encaissement (+) | F921: 13000 | H921: =IFERROR(TRANSACTIONS!$F921+TRANSACTIONS!$G921,"") -> 13000 | I921: REMONTEE
A922: 45390.469 | B922: =IF(A922<>"",DATE(YEAR(TRANSACTIONS!$A922),MONTH(TRANSACTIONS!$A922),DAY(TRANSACTIONS!$A922)),"") -> 45390 | C922: =IF(A922<>"",TIME(HOUR(TRANSACTIONS!$A922),MINUTE(TRANSACTIONS!$A922),SECOND(TRANSACTIONS!$A922)),"") -> 0.4687037 | D922: WAVE | E922: Décaissement (-) | F922: 7000 | H922: =IFERROR(TRANSACTIONS!$F922+TRANSACTIONS!$G922,"") -> 7000 | I922: REMONTEE
A923: 45390.469 | B923: =IF(A923<>"",DATE(YEAR(TRANSACTIONS!$A923),MONTH(TRANSACTIONS!$A923),DAY(TRANSACTIONS!$A923)),"") -> 45390 | C923: =IF(A923<>"",TIME(HOUR(TRANSACTIONS!$A923),MINUTE(TRANSACTIONS!$A923),SECOND(TRANSACTIONS!$A923)),"") -> 0.46871528 | D923: WAVE | E923: Encaissement (+) | F923: 2000 | H923: =IFERROR(TRANSACTIONS!$F923+TRANSACTIONS!$G923,"") -> 2000 | I923: REMONTEE
A924: 45390.469 | B924: =IF(A924<>"",DATE(YEAR(TRANSACTIONS!$A924),MONTH(TRANSACTIONS!$A924),DAY(TRANSACTIONS!$A924)),"") -> 45390 | C924: =IF(A924<>"",TIME(HOUR(TRANSACTIONS!$A924),MINUTE(TRANSACTIONS!$A924),SECOND(TRANSACTIONS!$A924)),"") -> 0.46872685 | D924: WAVE | E924: Encaissement (+) | F924: 500 | H924: =IFERROR(TRANSACTIONS!$F924+TRANSACTIONS!$G924,"") -> 500 | I924: REMONTEE
A925: 45390.486 | B925: =IF(A925<>"",DATE(YEAR(TRANSACTIONS!$A925),MONTH(TRANSACTIONS!$A925),DAY(TRANSACTIONS!$A925)),"") -> 45390 | C925: =IF(A925<>"",TIME(HOUR(TRANSACTIONS!$A925),MINUTE(TRANSACTIONS!$A925),SECOND(TRANSACTIONS!$A925)),"") -> 0.48559028 | D925: WAVE | E925: Encaissement (+) | F925: 10000 | H925: =IFERROR(TRANSACTIONS!$F925+TRANSACTIONS!$G925,"") -> 10000 | I925: REMONTEE
A926: 45390.486 | B926: =IF(A926<>"",DATE(YEAR(TRANSACTIONS!$A926),MONTH(TRANSACTIONS!$A926),DAY(TRANSACTIONS!$A926)),"") -> 45390 | C926: =IF(A926<>"",TIME(HOUR(TRANSACTIONS!$A926),MINUTE(TRANSACTIONS!$A926),SECOND(TRANSACTIONS!$A926)),"") -> 0.485625 | D926: WAVE | E926: Décaissement (-) | F926: 10000 | H926: =IFERROR(TRANSACTIONS!$F926+TRANSACTIONS!$G926,"") -> 10000 | I926: REMONTEE
A927: 45390.526 | B927: =IF(A927<>"",DATE(YEAR(TRANSACTIONS!$A927),MONTH(TRANSACTIONS!$A927),DAY(TRANSACTIONS!$A927)),"") -> 45390 | C927: =IF(A927<>"",TIME(HOUR(TRANSACTIONS!$A927),MINUTE(TRANSACTIONS!$A927),SECOND(TRANSACTIONS!$A927)),"") -> 0.52606481 | D927: WAVE | E927: Décaissement (-) | F927: 10000 | H927: =IFERROR(TRANSACTIONS!$F927+TRANSACTIONS!$G927,"") -> 10000 | I927: REMONTEE
A928: 45390.528 | B928: =IF(A928<>"",DATE(YEAR(TRANSACTIONS!$A928),MONTH(TRANSACTIONS!$A928),DAY(TRANSACTIONS!$A928)),"") -> 45390 | C928: =IF(A928<>"",TIME(HOUR(TRANSACTIONS!$A928),MINUTE(TRANSACTIONS!$A928),SECOND(TRANSACTIONS!$A928)),"") -> 0.52778935 | D928: WAVE | E928: Encaissement (+) | F928: 30000 | H928: =IFERROR(TRANSACTIONS!$F928+TRANSACTIONS!$G928,"") -> 30000 | I928: REMONTEE
A929: 45390.528 | B929: =IF(A929<>"",DATE(YEAR(TRANSACTIONS!$A929),MONTH(TRANSACTIONS!$A929),DAY(TRANSACTIONS!$A929)),"") -> 45390 | C929: =IF(A929<>"",TIME(HOUR(TRANSACTIONS!$A929),MINUTE(TRANSACTIONS!$A929),SECOND(TRANSACTIONS!$A929)),"") -> 0.52780093 | D929: WAVE | E929: Encaissement (+) | F929: 500000 | H929: =IFERROR(TRANSACTIONS!$F929+TRANSACTIONS!$G929,"") -> 500000 | I929: REMONTEE
A930: 45390.528 | B930: =IF(A930<>"",DATE(YEAR(TRANSACTIONS!$A930),MONTH(TRANSACTIONS!$A930),DAY(TRANSACTIONS!$A930)),"") -> 45390 | C930: =IF(A930<>"",TIME(HOUR(TRANSACTIONS!$A930),MINUTE(TRANSACTIONS!$A930),SECOND(TRANSACTIONS!$A930)),"") -> 0.52782407 | D930: WAVE | E930: Encaissement (+) | F930: 500000 | H930: =IFERROR(TRANSACTIONS!$F930+TRANSACTIONS!$G930,"") -> 500000 | I930: REMONTEE
... A1001: 45390.691 | B1001: =IF(A1001<>"",DATE(YEAR(TRANSACTIONS!$A1001),MONTH(TRANSACTIONS!$A1001),DAY(TRANSACTIONS!$A1001)),"") -> 45390 | C1001: =IF(A1001<>"",TIME(HOUR(TRANSACTIONS!$A1001),MINUTE(TRANSACTIONS!$A1001),SECOND(TRANSACTIONS!$A1001)),"") -> 0.69059028 | D1001: Orange Money | E1001: Décaissement (-) | F1001: 5000 | H1001: =IFERROR(TRANSACTIONS!$F1001+TRANSACTIONS!$G1001,"") -> 5000 | I1001: REMONTEE
A1002: 45390.691 | B1002: =IF(A1002<>"",DATE(YEAR(TRANSACTIONS!$A1002),MONTH(TRANSACTIONS!$A1002),DAY(TRANSACTIONS!$A1002)),"") -> 45390 | C1002: =IF(A1002<>"",TIME(HOUR(TRANSACTIONS!$A1002),MINUTE(TRANSACTIONS!$A1002),SECOND(TRANSACTIONS!$A1002)),"") -> 0.69060185 | D1002: WAVE | H1002: =IFERROR(TRANSACTIONS!#REF!+TRANSACTIONS!$G1002,"") | I1002: REMONTEE
A1003: 45390.691 | B1003: =IF(A1003<>"",DATE(YEAR(TRANSACTIONS!$A1003),MONTH(TRANSACTIONS!$A1003),DAY(TRANSACTIONS!$A1003)),"") -> 45390 | C1003: =IF(A1003<>"",TIME(HOUR(TRANSACTIONS!$A1003),MINUTE(TRANSACTIONS!$A1003),SECOND(TRANSACTIONS!$A1003)),"") -> 0.69061343 | D1003: WAVE | H1003: =IFERROR(TRANSACTIONS!#REF!+TRANSACTIONS!$G1003,"") | I1003: REMONTEE
A1004: 45390.691 | B1004: =IF(A1004<>"",DATE(YEAR(TRANSACTIONS!$A1004),MONTH(TRANSACTIONS!$A1004),DAY(TRANSACTIONS!$A1004)),"") -> 45390 | C1004: =IF(A1004<>"",TIME(HOUR(TRANSACTIONS!$A1004),MINUTE(TRANSACTIONS!$A1004),SECOND(TRANSACTIONS!$A1004)),"") -> 0.69061343 | H1004: =IFERROR(TRANSACTIONS!#REF!+TRANSACTIONS!$G1004,"") | I1004: REMONTEE
B1005: =IF(A1005<>"",DATE(YEAR(TRANSACTIONS!$A1005),MONTH(TRANSACTIONS!$A1005),DAY(TRANSACTIONS!$A1005)),"") | C1005: =IF(A1005<>"",TIME(HOUR(TRANSACTIONS!$A1005),MINUTE(TRANSACTIONS!$A1005),SECOND(TRANSACTIONS!$A1005)),"") | H1005: =IFERROR(TRANSACTIONS!#REF!+TRANSACTIONS!$G1005,"") | I1005: REMONTEE
B1006: =IF(A1006<>"",DATE(YEAR(TRANSACTIONS!$A1006),MONTH(TRANSACTIONS!$A1006),DAY(TRANSACTIONS!$A1006)),"") | C1006: =IF(A1006<>"",TIME(HOUR(TRANSACTIONS!$A1006),MINUTE(TRANSACTIONS!$A1006),SECOND(TRANSACTIONS!$A1006)),"") | H1006: =IFERROR(TRANSACTIONS!#REF!+TRANSACTIONS!$G1006,"") | I1006: REMONTEE
...

Sheet Feuil2

Sheet Feuil5
E5006: =E5006:E5031 -> 0
